pathway_major,n_CRC,n_ESCA,median_CRC,median_ESCA,median_difference_CRC_minus_ESCA,hodges_lehmann_shift,CI95_low,CI95_high,U,rank_biserial_CRC_vs_ESCA,raw_P,BH_FDR,evaluable_gene_count
OXPHOS,85,59,0.011770595156642,-0.0884930208521234,0.100263616008765,0.0977085276121189,0.0521804849981727,0.143135735711946,3536,0.410169491525424,2.96632469082962e-05,0.00062292818507422,246
PPP,85,59,-0.0305886849270752,-0.0886279383714567,0.0580392534443815,0.0816947139205942,0.00976594404268,0.153283683686646,3049,0.215952143569292,0.027970487895862,0.293690122906551,27
BCAA,85,59,-0.0279799764226248,-0.060055848839537,0.0320758724169121,0.0488935665187057,0.000643921304191626,0.0971585632656582,2997,0.195214356929212,0.0469821747150353,0.328875223005247,52
riboflavin,85,59,-0.0417667041991915,0.0162497705330534,-0.0580164747322449,-0.0633245442536763,-0.160621219493025,0.020216887585438,2150,-0.142572283150548,0.14699207909878,0.532686440178616,18
zinc,85,59,-0.00507702151549691,-0.0685304795657965,0.0634534580502996,0.0749820249191219,-0.028039818184493,0.173868479384541,2856,0.138983050847458,0.157456565508812,0.532686440178616,15
NAD,85,59,-0.0311353595985381,0.0229844653691393,-0.0541198249676774,-0.0327328676135942,-0.0892870047857995,0.0162253006286408,2165,-0.136590229312064,0.164740354162721,0.532686440178616,43
iron,85,59,-0.0327889878882873,-0.0608087860427572,0.02801979815447,0.0269978030621297,-0.017020885155954,0.0718834257518901,2802,0.117447657028913,0.232355205811889,0.532686440178616,89
TCA,85,59,-0.0195142704277784,-0.0567465913652277,0.0372323209374493,0.0345898051359171,-0.0246214364906155,0.0959561569874458,2790,0.112662013958126,0.251974612582093,0.532686440178616,42
glucose transport,85,59,0.013052776052259,-0.0304543268355386,0.0435071028877976,0.0402328583432401,-0.0346822255045681,0.118330693553576,2789,0.112263210368893,0.253660209608865,0.532686440178616,21
arginine,85,59,-0.0408453118097821,-0.0046447302538761,-0.036200581555906,-0.0310295413351455,-0.0854691632621557,0.0229992502317321,2226,-0.112263210368893,0.253660209608865,0.532686440178616,50
folate,85,59,-0.025463149825417,0.0333107923018047,-0.0587739421272217,-0.0393236131755982,-0.110844609861218,0.0399064285213771,2244,-0.105084745762712,0.285347856824209,0.544754999391671,29
cholesterol/isoprenoid,85,59,-0.033522760387584,-0.016338677992208,-0.017184082395376,-0.0251768283161499,-0.0799809578421096,0.0262330573212879,2273,-0.0935194416749751,0.341819472652219,0.598184077141383,67
glycolysis,85,59,-0.012237955177251,-0.0372535698987163,0.0250156147214653,0.01476982266512,-0.0275067963597188,0.0542366670011795,2674,0.0664007976071785,0.50009486352013,0.683903043074807,59
glutamine/glutamate,85,59,-0.0324130674981616,-0.0134915411532736,-0.018921526344888,-0.0127361151262725,-0.0498871082753055,0.0255253534287055,2352,-0.0620139581256232,0.528920145482578,0.683903043074807,135
vitamin B12,85,59,-0.0207523297712375,-0.0203989592166588,-0.000353370554578746,-0.0261894809213809,-0.110425037911491,0.0564498039181137,2353,-0.0616151545363909,0.531581937494381,0.683903043074807,19
serine/glycine/one-carbon,85,59,-0.0242390069013003,0.0117315265475285,-0.0359705334488287,-0.0171195440638686,-0.068947520421345,0.0386260103230128,2355,-0.0608175473579262,0.53692581395156,0.683903043074807,62
amino-acid transport,85,59,-0.0218467797742263,-0.00394362018544182,-0.0179031595887845,-0.0160111787705382,-0.0769150116834451,0.0447567345093435,2362,-0.0580259222333001,0.555839565167508,0.683903043074807,32
fatty-acid oxidation,85,59,-0.0340020716587168,-0.00378740643909362,-0.0302146652196232,-0.0137519622078744,-0.0652803737541255,0.0406298076458816,2373,-0.0536390827517448,0.586202608349834,0.683903043074807,62
methionine,85,59,-0.0444150418392912,-0.0165055714495603,-0.0279094703897309,-0.01557997594848,-0.0807490244365639,0.0469244321355514,2393,-0.0456630109670987,0.643291754843453,0.709425069941859,29
tryptophan,85,59,-0.0143791739890508,-0.0242483304002787,0.00986915641122793,-0.0107561293946707,-0.063952149882051,0.0399122454008949,2404,-0.0412761714855434,0.675642923754151,0.709425069941859,44
sphingolipid,85,59,-0.00296049153347101,-0.0138110665761876,0.0108505750427165,0.0021380185977862,-0.0335839575411078,0.035007136348828,2538,0.0121635094715853,0.90300295359424,0.90300295359424,153
