module,n_evaluable_genes,n_CRC,n_ESCA,CRC_median,ESCA_median,median_difference_CRC_minus_ESCA,effect_size_rank_biserial,CI95_low,CI95_high,U,raw_P,rank_sensitivity_effect,rank_sensitivity_raw_P,n_CRC_leaning_genes,proportion_CRC_leaning_genes,n_gene_level_FDR_contributors,proportion_gene_level_FDR_contributors,directional_consistency,BH_FDR,rank_sensitivity_BH_FDR,interpretation,primary_interpretation
Complex I assembly,19,85,59,0.0574970387208778,-0.124537892476485,0.182034931197363,0.399800598205384,0.0982238345800301,0.335250288872757,3510,4.65216130938488e-05,0.401595214356929,4.28658305632226e-05,15,0.789473684210526,4,0.210526315789474,0.789473684210526,0.000392149730034068,0.000557255797321893,CRC_stronger_significant,robust
mtFAS,2,85,59,0.0874587095305814,-0.225987587247207,0.313446296777789,0.393818544366899,0.134335600626491,0.635234573480353,3495,6.03307276975489e-05,0.382652043868395,9.69824166872626e-05,2,1,1,0.5,1,0.000392149730034068,0.000630385708467207,CRC_stronger_significant_low_gene_coverage,exploratory (2 evaluable genes)
Complex I structural,34,85,59,0.110761280522147,-0.218163763462256,0.328925043984403,0.359122632103689,0.167798966199023,0.484007900672172,3408,0.000254097782747764,0.360518444666002,0.000240129899471952,29,0.852941176470588,1,0.0294117647058824,0.852941176470588,0.00110109039190698,0.00104056289771179,CRC_stronger_significant,robust
Complex IV assembly,26,85,59,0.05148469790358,-0.109316569292147,0.160801267195727,0.350747756729811,0.0532493256966499,0.292252802567193,3387,0.000353203471418659,0.337387836490529,0.000588301473666968,19,0.730769230769231,1,0.0384615384615385,0.730769230769231,0.00114791128211064,0.00191197978941765,CRC_stronger_significant,robust
Fe-S biogenesis,13,85,59,-0.00760956745426905,-0.173744957419277,0.166135389965008,0.29690927218345,0.0556542494370674,0.284726172599756,3252,0.00249146166915822,0.306879361914257,0.00176887693734152,11,0.846153846153846,1,0.0769230769230769,0.846153846153846,0.00569536442682806,0.00459908003708796,CRC_stronger_significant,robust
Complex IV structural,16,85,59,0.0538880281914838,-0.158576536715623,0.212464564907107,0.295314057826521,0.107441785070282,0.305297806585077,3248,0.00262862973545911,0.287537387836491,0.0033987313085644,10,0.625,2,0.125,0.625,0.00569536442682806,0.00736391783522286,CRC_stronger_significant,robust
Complex III structural,5,85,59,0.108291131712971,-0.157061227190411,0.265352358903383,0.200797607178465,0.0154705984352579,0.551179166889782,3011,0.0408189759136854,0.207377866400798,0.0346393884653909,5,1,0,0,1,0.0758066695539871,0.0643302928642973,not_significant,not supported
mtDNA maintenance/expression,1,85,59,0.04729928988372,-0.205183263669456,0.252482553553176,0.189232303090728,-0.0610766896582068,0.553329725301698,2982,0.0539101740987011,0.189232303090728,0.0539101740987011,1,1,0,0,1,0.0876040329103893,0.0876040329103893,not_significant,not supported
Complex V structural,10,85,59,0.00949285842137501,-0.145022549875783,0.154515408297158,0.163310069790628,-0.0229332216727495,0.324254046715113,2917,0.0962106639957386,0.156131605184447,0.111729515779782,5,0.5,0,0,0.5,0.138970959104956,0.161387078348574,not_significant,not supported
Complex III assembly,9,85,59,-0.0652879267666262,-0.00937514763254149,-0.0559127791340847,-0.102293120638086,-0.202729402107482,0.0417558638012174,2251,0.29742190871454,-0.111864406779661,0.254422889907356,2,0.222222222222222,0,0,0.222222222222222,0.386648481328902,0.330749756879563,not_significant,not supported
Complex V assembly,1,85,59,0.0608042330422182,0.0972887875096307,-0.0364845544674125,-0.0496510468594218,-0.332357801580216,0.291562002512528,2383,0.613028391110571,-0.0496510468594218,0.613028391110571,0,0,0,0,0,0.664114090369785,0.637428035426881,not_significant,not supported
CoQ biosynthesis,2,85,59,-0.0416014777822863,-0.0439324686928045,0.00233099091051819,0.0564307078763708,-0.244101101658047,0.296230802846414,2649,0.565416868231231,0.0624127617148553,0.524921892404381,1,0.5,1,0.5,0.5,0.664114090369785,0.620362236477905,not_significant,not supported
Complex II,7,85,59,-0.00389731896227881,0.0320049798247216,-0.0359022987870004,-0.0285144566301097,-0.153278958972204,0.117285344096629,2436,0.771469022542937,-0.0462612163509472,0.637428035426881,3,0.428571428571429,0,0,0.428571428571429,0.771469022542937,0.637428035426881,not_significant,not supported
