sample_ID	sanger_ID	individual_ID	primary_tumour_type	CRISPR_available	WGS_available	RNAseq_available	tumour_available	overlap_HCMI	overlap_Broad_DepMap	ATCC	Merck
HCM-SANG-0265-C18	WTSI-COLIVM_005	2135875	Colorectal	Yes	Yes	Yes	Yes	Yes	Yes	Available	No
HCM-SANG-1315-C18	WTSI-COLIVM_018	2166948	Colorectal	Yes	Yes	Yes	Yes	Yes	No	Unmanufactured	Yes
HCM-SANG-1318-C20	WTSI-COLIVM_022	2169252	Colorectal	Yes	Yes	Yes	Yes	Yes	No	Unmanufactured	Yes
HCM-SANG-1316-C18	WTSI-COLIVM_025	2136679	Colorectal	Yes	Yes	Yes	Yes	Yes	No	No	Yes
HCM-SANG-1317-C20	WTSI-COLIVM_026	2172625	Colorectal	Yes	Yes	Yes	Yes	Yes	No	No	Yes
HCM-SANG-1313-C18	WTSI-COLIVM_028	2179561	Colorectal	No	Yes	Yes	Yes	Yes	No	No	Yes
WTSI-COLIVM_031	WTSI-COLIVM_031	2180271	Colorectal	Yes	Yes	Yes	Yes	No	No	No	Yes
WTSI-COLIVM_034	WTSI-COLIVM_034	2181329	Colorectal	Yes	Yes	Yes	Yes	No	No	No	Yes
WTSI-COLIVM_036	WTSI-COLIVM_036	2183542	Colorectal	Yes	Yes	Yes	Yes	No	No	No	Yes
WTSI-COLIVM_040	WTSI-COLIVM_040	2184469	Colorectal	Yes	Yes	Yes	Yes	No	No	No	Yes
WTSI-COLIVM_041	WTSI-COLIVM_041	2184468	Colorectal	No	Yes	Yes	Yes	No	No	No	Yes
WTSI-COLIVM_045	WTSI-COLIVM_045	2187767	Colorectal	Yes	Yes	Yes	Yes	No	No	No	Yes
WTSI-COLIVM_046	WTSI-COLIVM_046	2189330	Colorectal	No	Yes	Yes	Yes	No	No	No	Yes
WTSI-COLIVM_048	WTSI-COLIVM_048	2193357	Colorectal	No	Yes	Yes	Yes	No	No	No	Yes
WTSI-COLIVM_051	WTSI-COLIVM_051	2194560	Colorectal	Yes	Yes	Yes	Yes	No	No	No	Yes
WTSI-COLIVM_052	WTSI-COLIVM_052	2196127	Colorectal	No	Yes	Yes	Yes	No	No	No	Yes
WTSI-COLIVM_054	WTSI-COLIVM_054	2196281	Colorectal	No	Yes	Yes	Yes	No	No	No	Yes
WTSI-COLIVM_057	WTSI-COLIVM_057	2197865	Colorectal	No	Yes	Yes	Yes	No	No	No	Yes
WTSI-COLIVM_058	WTSI-COLIVM_058	2197867	Colorectal	Yes	Yes	Yes	No	No	No	No	Yes
WTSI-COLIVM_059	WTSI-COLIVM_059	2198054	Colorectal	Yes	Yes	Yes	Yes	No	No	No	Yes
WTSI-COLIVM_060	WTSI-COLIVM_060	2199023	Colorectal	Yes	Yes	Yes	Yes	No	No	No	Yes
WTSI-COLIVM_061	WTSI-COLIVM_061	2199999	Colorectal	Yes	Yes	Yes	Yes	No	No	No	Yes
WTSI-COLIVM_063	WTSI-COLIVM_063	2200114	Colorectal	No	Yes	Yes	Yes	No	No	No	Yes
WTSI-COLIVM_067	WTSI-COLIVM_067	2200294	Colorectal	No	Yes	Yes	Yes	No	No	No	Yes
WTSI-COLIVM_068	WTSI-COLIVM_068	2200676	Colorectal	Yes	Yes	Yes	No	No	No	No	Yes
WTSI-COLIVM_069	WTSI-COLIVM_069	2200814	Colorectal	Yes	Yes	Yes	No	No	No	No	Yes
WTSI-COLIVM_072	WTSI-COLIVM_072	2201468	Colorectal	Yes	Yes	Yes	Yes	No	No	No	Yes
WTSI-COLIVM_074	WTSI-COLIVM_074	2202028	Colorectal	Yes	Yes	Yes	No	No	No	No	Yes
WTSI-COLIVM_077	WTSI-COLIVM_077	2202882	Colorectal	No	Yes	Yes	Yes	No	No	No	Yes
WTSI-COLIVM_080	WTSI-COLIVM_080	2203061	Colorectal	Yes	Yes	Yes	No	No	No	No	Yes
WTSI-COLIVM_082	WTSI-COLIVM_082	2203960	Colorectal	No	Yes	Yes	Yes	No	No	No	Yes
WTSI-COLIVM_083	WTSI-COLIVM_083	2203961	Colorectal	No	Yes	Yes	Yes	No	No	No	Yes
WTSI-COLIVM_084	WTSI-COLIVM_084	2206918	Colorectal	Yes	Yes	Yes	No	No	No	No	Yes
WTSI-COLIVM_085	WTSI-COLIVM_085	2156381	Colorectal	Yes	Yes	Yes	Yes	No	No	No	Yes
WTSI-COLIVM_086	WTSI-COLIVM_086	2207018	Colorectal	Yes	Yes	Yes	Yes	No	No	No	Yes
WTSI-COLIVM_087	WTSI-COLIVM_087	2207122	Colorectal	Yes	Yes	Yes	No	No	No	No	Yes
WTSI-COLIVM_089	WTSI-COLIVM_089	2207704	Colorectal	No	Yes	Yes	No	No	No	No	Yes
WTSI-COLIVM_090	WTSI-COLIVM_090	2207757	Colorectal	Yes	Yes	Yes	Yes	No	No	No	Yes
WTSI-COLIVM_092	WTSI-COLIVM_092	2210720	Colorectal	Yes	Yes	Yes	No	No	No	No	Yes
WTSI-COLIVM_093	WTSI-COLIVM_093	2210723	Colorectal	No	Yes	Yes	No	No	No	No	Yes
WTSI-COLIVM_100	WTSI-COLIVM_100	2210719	Colorectal	Yes	Yes	Yes	No	No	No	No	Yes
HCM-SANG-0266-C20	WTSI-COLO_005	2124528	Colorectal	Yes	Yes	Yes	Yes	Yes	Yes	Available	No
HCM-SANG-0267-D12	WTSI-COLO_011	2127582	Colorectal	Yes	Yes	Yes	Yes	Yes	No	Available	No
HCM-SANG-0268-C18	WTSI-COLO_013	2131084	Colorectal	Yes	Yes	Yes	Yes	Yes	No	Available	No
HCM-SANG-0269-C18	WTSI-COLO_019	2131080	Colorectal	No	Yes	Yes	Yes	Yes	No	Available	No
HCM-SANG-0270-C20	WTSI-COLO_021	2111479	Colorectal	Yes	Yes	Yes	Yes	Yes	Yes	Available	No
HCM-SANG-0271-D12	WTSI-COLO_023	2131090	Colorectal	No	Yes	Yes	Yes	Yes	No	Available	No
HCM-SANG-0272-C20	WTSI-COLO_025	2131441	Colorectal	Yes	Yes	Yes	Yes	Yes	No	Available	No
HCM-SANG-0273-C18	WTSI-COLO_027	2131099	Colorectal	Yes	Yes	Yes	Yes	Yes	No	Available	No
HCM-SANG-0274-C18	WTSI-COLO_031	2131442	Colorectal	Yes	Yes	Yes	Yes	Yes	No	Available	No
HCM-SANG-0275-C18	WTSI-COLO_037	2133200	Colorectal	Yes	Yes	Yes	Yes	Yes	No	Available	No
HCM-SANG-0276-C18	WTSI-COLO_039	2133201	Colorectal	Yes	Yes	Yes	No	Yes	No	Available	No
HCM-SANG-0277-C18	WTSI-COLO_041	2133202	Colorectal	No	Yes	Yes	Yes	Yes	No	Available	No
WTSI-COLO_061	WTSI-COLO_061	2133173	Colorectal	No	Yes	Yes	No	No	No	No	Yes
HCM-SANG-0278-C20	WTSI-COLO_075	2133207	Colorectal	Yes	Yes	Yes	Yes	Yes	No	Available	No
HCM-SANG-0280-C18	WTSI-COLO_081	2134266	Colorectal	Yes	Yes	Yes	Yes	Yes	No	Available	No
HCM-SANG-0281-C18	WTSI-COLO_085	2134263	Colorectal	Yes	Yes	Yes	Yes	Yes	No	Available	No
HCM-SANG-0522-C18	WTSI-COLO_093	2134275	Colorectal	No	Yes	Yes	Yes	Yes	No	No	No
HCM-SANG-0282-C18	WTSI-COLO_099	2135560	Colorectal	Yes	Yes	Yes	Yes	Yes	No	Available	No
HCM-SANG-0529-C18	WTSI-COLO_109	2135564	Colorectal	Yes	Yes	Yes	Yes	Yes	No	Unmanufactured	No
HCM-SANG-1087-C18	WTSI-COLO_115	2135950	Colorectal	Yes	Yes	Yes	Yes	Yes	No	Unmanufactured	No
HCM-SANG-0283-C18	WTSI-COLO_127	2135952	Colorectal	Yes	Yes	Yes	Yes	Yes	No	Available	No
HCM-SANG-0551-C18	WTSI-COLO_131	2135954	Colorectal	Yes	Yes	Yes	No	Yes	No	Unmanufactured	No
HCM-SANG-0532-C20	WTSI-COLO_133	2135947	Colorectal	Yes	Yes	Yes	No	Yes	No	Unmanufactured	No
HCM-SANG-0284-C18	WTSI-COLO_141	2136321	Colorectal	Yes	Yes	Yes	Yes	Yes	No	Available	No
HCM-SANG-1332-C18	WTSI-COLO_143	2141681	Colorectal	Yes	Yes	Yes	Yes	Yes	No	No	Yes
HCM-SANG-0527-C18	WTSI-COLO_149	2137146	Colorectal	No	Yes	Yes	Yes	Yes	No	Unmanufactured	No
HCM-SANG-0285-C18	WTSI-COLO_151	2136853	Colorectal	No	Yes	Yes	Yes	Yes	No	Available	No
HCM-SANG-0286-C20	WTSI-COLO_155	2140195	Colorectal	Yes	Yes	Yes	Yes	Yes	Yes	Available	No
HCM-SANG-0287-C20	WTSI-COLO_159	2137147	Colorectal	No	Yes	Yes	No	Yes	No	Available	No
HCM-SANG-0534-C18	WTSI-COLO_163	2137143	Colorectal	Yes	Yes	Yes	No	Yes	No	Unmanufactured	No
HCM-SANG-0533-C20	WTSI-COLO_167	2137148	Colorectal	No	Yes	Yes	Yes	Yes	No	Available	No
HCM-SANG-0288-C18	WTSI-COLO_170	2136682	Colorectal	Yes	Yes	Yes	No	Yes	No	Available	No
HCM-SANG-0517-C20	WTSI-COLO_176	2141683	Colorectal	Yes	Yes	Yes	Yes	Yes	No	Available	No
HCM-SANG-1085-C20	WTSI-COLO_187	2137269	Colorectal	No	Yes	No	Yes	Yes	No	Unmanufactured	No
HCM-SANG-0518-C18	WTSI-COLO_191	2137272	Colorectal	Yes	Yes	Yes	Yes	Yes	No	Unmanufactured	No
WTSI-COLO_198	WTSI-COLO_198	2143741	Colorectal	Yes	Yes	Yes	Yes	No	No	No	No
HCM-SANG-0541-C20	WTSI-COLO_206	2147039	Colorectal	Yes	Yes	Yes	Yes	Yes	No	Unmanufactured	No
HCM-SANG-0519-C20	WTSI-COLO_214	2147378	Colorectal	Yes	Yes	Yes	Yes	Yes	No	No	No
WTSI-COLO_216	WTSI-COLO_216	2152429	Colorectal	Yes	Yes	Yes	Yes	No	No	No	No
HCM-SANG-0525-C18	WTSI-COLO_218	2156405	Colorectal	Yes	Yes	Yes	No	Yes	No	Unmanufactured	No
HCM-SANG-0537-C18	WTSI-COLO_220	2152430	Colorectal	No	Yes	Yes	Yes	Yes	No	Unmanufactured	No
HCM-SANG-0536-C18	WTSI-COLO_222	2152431	Colorectal	Yes	Yes	Yes	Yes	Yes	No	Unmanufactured	No
HCM-SANG-1081-C20	WTSI-COLO_226	2152655	Colorectal	No	Yes	Yes	Yes	Yes	No	Unmanufactured	No
HCM-SANG-1086-C18	WTSI-COLO_240	2153420	Colorectal	No	Yes	Yes	Yes	Yes	No	Unmanufactured	No
HCM-SANG-0535-C20	WTSI-COLO_242	2152656	Colorectal	Yes	Yes	Yes	Yes	Yes	No	Unmanufactured	No
HCM-SANG-0542-C18	WTSI-COLO_244	2156407	Colorectal	Yes	Yes	Yes	Yes	Yes	No	Unmanufactured	No
HCM-SANG-0539-C18	WTSI-COLO_248	2156381	Colorectal	Yes	Yes	Yes	Yes	Yes	No	Unmanufactured	No
HCM-SANG-1338-C20	WTSI-COLO_250	2156478	Colorectal	Yes	Yes	Yes	Yes	Yes	No	Unmanufactured	No
HCM-SANG-1091-C18	WTSI-COLO_270	2156465	Colorectal	No	Yes	Yes	Yes	Yes	No	Unmanufactured	No
WTSI-COLO_272	WTSI-COLO_272	2156418	Colorectal	No	Yes	Yes	Yes	No	No	No	No
HCM-SANG-1089-C18	WTSI-COLO_274	2156382	Colorectal	No	Yes	Yes	Yes	Yes	No	Unmanufactured	No
WTSI-COLO_278	WTSI-COLO_278	2156383	Colorectal	Yes	Yes	Yes	No	No	No	Unmanufactured	No
HCM-SANG-1088-C18	WTSI-COLO_290	2156445	Colorectal	No	Yes	Yes	Yes	Yes	No	No	Yes
HCM-SANG-1301-C20	WTSI-COLO_298	2156393	Colorectal	Yes	Yes	Yes	Yes	Yes	No	No	Yes
HCM-SANG-1334-C18	WTSI-COLO_302	2156467	Colorectal	Yes	Yes	Yes	Yes	Yes	No	Unmanufactured	No
HCM-SANG-1093-C18	WTSI-COLO_312	2156432	Colorectal	No	Yes	Yes	Yes	Yes	No	Unmanufactured	No
WTSI-COLO_318	WTSI-COLO_318	2157709	Colorectal	No	Yes	Yes	Yes	No	No	No	Yes
HCM-SANG-1090-C18	WTSI-COLO_324	2158067	Colorectal	Yes	Yes	Yes	Yes	Yes	No	Unmanufactured	Yes
HCM-SANG-1092-C18	WTSI-COLO_338	2158444	Colorectal	Yes	Yes	Yes	Yes	Yes	No	Unmanufactured	Yes
HCM-SANG-1330-C19	WTSI-COLO_340	2158576	Colorectal	No	Yes	Yes	Yes	Yes	No	Unmanufactured	Yes
HCM-SANG-1321-C18	WTSI-COLO_346	2159955	Colorectal	Yes	Yes	Yes	Yes	Yes	No	No	Yes
HCM-SANG-1339-C18	WTSI-COLO_356	2161312	Colorectal	No	Yes	Yes	Yes	Yes	No	Unmanufactured	Yes
HCM-SANG-1327-C18	WTSI-COLO_360	2162570	Colorectal	Yes	Yes	Yes	Yes	Yes	No	Unmanufactured	Yes
HCM-SANG-1314-C18	WTSI-COLO_364	2162891	Colorectal	Yes	Yes	Yes	Yes	Yes	No	Unmanufactured	Yes
WTSI-COLO_376	WTSI-COLO_376	2164133	Colorectal	Yes	Yes	Yes	Yes	No	No	Unmanufactured	Yes
HCM-SANG-1311-C18	WTSI-COLO_378	2164134	Colorectal	No	Yes	Yes	Yes	Yes	No	Unmanufactured	Yes
HCM-SANG-1333-C20	WTSI-COLO_388	2164723	Colorectal	No	Yes	Yes	Yes	Yes	No	Unmanufactured	Yes
HCM-SANG-1304-C20	WTSI-COLO_394	2166006	Colorectal	Yes	Yes	Yes	Yes	Yes	No	Unmanufactured	Yes
HCM-SANG-1335-C18	WTSI-COLO_410	2167021	Colorectal	No	Yes	Yes	No	Yes	No	Unmanufactured	Yes
WTSI-COLO_414	WTSI-COLO_414	2167654	Colorectal	Yes	Yes	Yes	Yes	No	No	Unmanufactured	Yes
WTSI-COLO_425	WTSI-COLO_425	2168381	Colorectal	No	Yes	Yes	Yes	No	No	No	Yes
WTSI-COLO_427	WTSI-COLO_427	2168405	Colorectal	Yes	Yes	Yes	Yes	No	No	No	Yes
HCM-SANG-1337-C18	WTSI-COLO_434	2169255	Colorectal	Yes	Yes	Yes	Yes	Yes	No	Unmanufactured	Yes
WTSI-COLO_435	WTSI-COLO_435	2169254	Colorectal	Yes	Yes	Yes	Yes	No	No	No	Yes
WTSI-COLO_439	WTSI-COLO_439	2172626	Colorectal	No	Yes	Yes	Yes	No	No	No	Yes
WTSI-COLO_446	WTSI-COLO_446	2179274	Colorectal	Yes	Yes	Yes	No	No	No	No	Yes
WTSI-COLO_449	WTSI-COLO_449	2179603	Colorectal	No	Yes	Yes	Yes	No	No	No	Yes
WTSI-COLO_452	WTSI-COLO_452	2179606	Colorectal	Yes	Yes	Yes	Yes	No	No	No	Yes
HCM-SANG-1300-C18	WTSI-COLO_454	2179607	Colorectal	No	Yes	Yes	Yes	Yes	No	No	Yes
WTSI-COLO_455	WTSI-COLO_455	2179615	Colorectal	Yes	Yes	Yes	Yes	No	No	No	Yes
HCM-SANG-1312-C20	WTSI-COLO_456	2179611	Colorectal	Yes	Yes	Yes	No	Yes	No	No	Yes
WTSI-COLO_457	WTSI-COLO_457	2179742	Colorectal	Yes	Yes	Yes	No	No	No	No	Yes
WTSI-COLO_458	WTSI-COLO_458	2179804	Colorectal	No	Yes	Yes	Yes	No	No	No	Yes
WTSI-COLO_466	WTSI-COLO_466	2180846	Colorectal	Yes	Yes	Yes	No	No	No	No	Yes
WTSI-COLO_471	WTSI-COLO_471	2181211	Colorectal	Yes	Yes	Yes	Yes	No	No	No	Yes
WTSI-COLO_475	WTSI-COLO_475	2189318	Colorectal	No	Yes	Yes	Yes	No	No	No	Yes
WTSI-COLO_478	WTSI-COLO_478	2194560	Colorectal	Yes	Yes	Yes	Yes	No	No	No	Yes
WTSI-COLO_491	WTSI-COLO_491	2201666	Colorectal	No	Yes	Yes	No	No	No	No	Yes
WTSI-COLO_493	WTSI-COLO_493	2202829	Colorectal	Yes	Yes	Yes	No	No	No	No	Yes
WTSI-COLO_494	WTSI-COLO_494	2207826	Colorectal	No	Yes	Yes	No	No	No	No	Yes
WTSI-COLO_502	WTSI-COLO_502	2213436	Colorectal	No	Yes	Yes	No	No	No	No	Yes
WTSI-GAST_183	WTSI-GAST_183	2198946	Gastric	Yes	Yes	Yes	No	No	No	No	Yes
WTSI-GAST_186	WTSI-GAST_186	2203813	Gastric	Yes	Yes	Yes	No	No	No	No	Yes
WTSI-GAST_187	WTSI-GAST_187	2206919	Gastric	Yes	Yes	Yes	No	No	No	No	Yes
WTSI-GAST_199	WTSI-GAST_199	2212777	Gastric	No	Yes	Yes	No	No	No	No	Yes
WTSI-GAST_200	WTSI-GAST_200	2212778	Gastric	No	Yes	Yes	Yes	No	No	No	Yes
WTSI-GAST_201	WTSI-GAST_201	2212976	Gastric	No	Yes	Yes	No	No	No	No	Yes
HCM-SANG-0289-C15	WTSI-OESO_003	2111470	Oesophageal	Yes	Yes	Yes	Yes	Yes	Yes	Available	No
WTSI-OESO_005	WTSI-OESO_005	2111471	Oesophageal	Yes	Yes	Yes	Yes	No	No	No	No
HCM-SANG-0291-C15	WTSI-OESO_009	2111473	Oesophageal	Yes	Yes	Yes	Yes	Yes	No	Available	Yes
HCM-SANG-0292-C15	WTSI-OESO_013	2111475	Oesophageal	No	Yes	Yes	Yes	Yes	No	Available	Yes
HCM-SANG-0293-C15	WTSI-OESO_034	2114140	Oesophageal	No	Yes	Yes	No	Yes	No	Unmanufactured	No
HCM-SANG-0294-C15	WTSI-OESO_036	2114141	Oesophageal	No	Yes	Yes	Yes	Yes	Yes	Available	Yes
HCM-SANG-0295-C15	WTSI-OESO_040	2114143	Oesophageal	Yes	Yes	Yes	No	Yes	No	Available	Yes
HCM-SANG-0296-C15	WTSI-OESO_082	2114139	Oesophageal	No	Yes	Yes	Yes	Yes	Yes	Available	Yes
HCM-SANG-0297-C15	WTSI-OESO_088	2117962	Oesophageal	Yes	Yes	Yes	Yes	Yes	Yes	Available	Yes
HCM-SANG-0298-C15	WTSI-OESO_091	2114337	Oesophageal	Yes	Yes	Yes	Yes	Yes	Yes	Available	Yes
HCM-SANG-0299-C15-A	WTSI-OESO_095	2117880	Oesophageal	Yes	Yes	Yes	Yes	Yes	No	Available	Yes
HCM-SANG-1322-C15	WTSI-OESO_097	2114334	Oesophageal	Yes	Yes	Yes	Yes	Yes	No	No	Yes
HCM-SANG-0300-C15	WTSI-OESO_103	2127580	Oesophageal	Yes	Yes	Yes	Yes	Yes	Yes	Available	No
HCM-SANG-0302-C15	WTSI-OESO_106	2127583	Oesophageal	Yes	Yes	Yes	Yes	Yes	Yes	Available	Yes
HCM-SANG-0311-C15-B	WTSI-OESO_117	2131076	Oesophageal	No	Yes	Yes	Yes	Yes	Yes	Available	No
HCM-SANG-0303-C15	WTSI-OESO_121	2140192	Oesophageal	Yes	Yes	Yes	No	Yes	Yes	Available	Yes
HCM-SANG-0304-C15	WTSI-OESO_130	2131104	Oesophageal	Yes	Yes	Yes	No	Yes	Yes	Available	Yes
HCM-SANG-0299-C15-B	WTSI-OESO_131	2117880	Oesophageal	Yes	Yes	Yes	Yes	Yes	Yes	Available	No
HCM-SANG-0306-C15	WTSI-OESO_135	2117338	Oesophageal	Yes	Yes	Yes	No	Yes	No	Available	Yes
HCM-SANG-0307-C15	WTSI-OESO_143	2133174	Oesophageal	Yes	Yes	Yes	Yes	Yes	No	Available	No
HCM-SANG-0308-C15	WTSI-OESO_144	2115416	Oesophageal	Yes	Yes	Yes	No	Yes	Yes	Available	Yes
HCM-SANG-0309-C15	WTSI-OESO_146	2131446	Oesophageal	Yes	Yes	Yes	No	Yes	No	Available	Yes
HCM-SANG-0310-C15	WTSI-OESO_148	2133208	Oesophageal	Yes	Yes	Yes	Yes	Yes	No	Available	Yes
HCM-SANG-0530-C15	WTSI-OESO_149	2133209	Oesophageal	Yes	Yes	Yes	Yes	Yes	No	Unmanufactured	Yes
HCM-SANG-0311-C15	WTSI-OESO_152	2131076	Oesophageal	No	Yes	Yes	Yes	Yes	Yes	Available	Yes
HCM-SANG-0312-C15	WTSI-OESO_164	2135567	Oesophageal	No	Yes	Yes	No	Yes	No	Available	No
HCM-SANG-0313-C15	WTSI-OESO_165	2135566	Oesophageal	Yes	Yes	Yes	No	Yes	No	Unmanufactured	No
HCM-SANG-0314-C15	WTSI-OESO_167	2133169	Oesophageal	Yes	Yes	Yes	Yes	Yes	No	Unmanufactured	Yes
HCM-SANG-0549-C15	WTSI-OESO_170	2142134	Oesophageal	Yes	Yes	Yes	No	Yes	No	Unmanufactured	Yes
HCM-SANG-0523-C15	WTSI-OESO_181	2143746	Oesophageal	Yes	Yes	Yes	Yes	Yes	No	Unmanufactured	Yes
HCM-SANG-0526-C15	WTSI-OESO_185	2146625	Oesophageal	Yes	Yes	Yes	No	Yes	No	Unmanufactured	Yes
HCM-SANG-0543-C15	WTSI-OESO_191	2156470	Oesophageal	Yes	Yes	Yes	No	Yes	No	Unmanufactured	Yes
HCM-SANG-0546-C15	WTSI-OESO_195	2153421	Oesophageal	Yes	Yes	Yes	Yes	Yes	No	Unmanufactured	Yes
HCM-SANG-0544-C15	WTSI-OESO_196	2153422	Oesophageal	No	Yes	Yes	Yes	Yes	No	Unmanufactured	Yes
HCM-SANG-0545-C15	WTSI-OESO_197	2155777	Oesophageal	No	Yes	Yes	No	Yes	No	Unmanufactured	Yes
WTSI-OESO_198	WTSI-OESO_198	2156403	Oesophageal	Yes	Yes	Yes	No	No	No	Unmanufactured	No
HCM-SANG-1082-C15	WTSI-OESO_202	2156484	Oesophageal	Yes	Yes	Yes	Yes	Yes	No	Unmanufactured	Yes
HCM-SANG-1094-C16	WTSI-OESO_211	2156411	Oesophageal	Yes	Yes	Yes	Yes	Yes	No	Unmanufactured	No
HCM-SANG-1329-C15	WTSI-OESO_223	2156489	Oesophageal	Yes	Yes	Yes	Yes	Yes	No	Unmanufactured	Yes
HCM-SANG-1083-C16	WTSI-OESO_224	2158068	Oesophageal	Yes	Yes	Yes	Yes	Yes	No	Unmanufactured	YEs
WTSI-OESO_227	WTSI-OESO_227	2158580	Oesophageal	Yes	Yes	Yes	Yes	No	No	No	Yes
HCM-SANG-1084-C15	WTSI-OESO_233	2160284	Oesophageal	Yes	Yes	Yes	No	Yes	No	Unmanufactured	Yes
HCM-SANG-1305-C15	WTSI-OESO_250	2164724	Oesophageal	Yes	Yes	Yes	Yes	Yes	No	Unmanufactured	Yes
HCM-SANG-1310-C15	WTSI-OESO_253	2165958	Oesophageal	Yes	Yes	Yes	Yes	Yes	No	Unmanufactured	YEs
WTSI-OESO_256	WTSI-OESO_256	2166949	Oesophageal	No	Yes	Yes	Yes	No	No	No	Yes
HCM-SANG-1302-C15	WTSI-OESO_257	2166955	Oesophageal	Yes	Yes	Yes	Yes	Yes	No	No	Yes
HCM-SANG-1328-C15	WTSI-OESO_259	2167022	Oesophageal	Yes	Yes	Yes	No	Yes	No	No	Yes
HCM-SANG-1323-C15	WTSI-OESO_264	2168894	Oesophageal	Yes	Yes	Yes	Yes	Yes	No	No	Yes
HCM-SANG-1326-C15	WTSI-OESO_268	2169437	Oesophageal	Yes	Yes	Yes	Yes	Yes	No	No	Yes
HCM-SANG-1299-C15	WTSI-OESO_269	2169444	Oesophageal	Yes	Yes	Yes	Yes	Yes	No	No	Yes
WTSI-OESO_274	WTSI-OESO_274	2172252	Oesophageal	Yes	Yes	Yes	No	No	No	No	Yes
WTSI-OESO_286	WTSI-OESO_286	2179602	Oesophageal	Yes	Yes	Yes	No	No	No	No	Yes
HCM-SANG-1336-C15	WTSI-OESO_287	2179608	Oesophageal	No	Yes	Yes	Yes	Yes	No	No	Yes
WTSI-OESO_288	WTSI-OESO_288	2179613	Oesophageal	Yes	Yes	Yes	Yes	No	No	No	Yes
HCM-SANG-1325-C15	WTSI-OESO_291	2179740	Oesophageal	Yes	Yes	Yes	Yes	Yes	No	No	Yes
WTSI-OESO_292	WTSI-OESO_292	2179799	Oesophageal	Yes	Yes	Yes	Yes	No	No	No	Yes
WTSI-OESO_294	WTSI-OESO_294	2180508	Oesophageal	Yes	Yes	Yes	No	No	No	No	Yes
WTSI-OESO_297	WTSI-OESO_297	2180704	Oesophageal	No	Yes	Yes	No	No	No	No	Yes
WTSI-OESO_302	WTSI-OESO_302	2181993	Oesophageal	No	Yes	Yes	No	No	No	No	Yes
WTSI-OESO_304	WTSI-OESO_304	2183523	Oesophageal	Yes	Yes	Yes	No	No	No	No	Yes
WTSI-OESO_305	WTSI-OESO_305	2183646	Oesophageal	No	Yes	Yes	No	No	No	No	Yes
WTSI-OESO_308	WTSI-OESO_308	2184382	Oesophageal	Yes	Yes	Yes	Yes	No	No	No	Yes
WTSI-OESO_309	WTSI-OESO_309	2184383	Oesophageal	Yes	Yes	Yes	Yes	No	No	No	Yes
WTSI-OESO_311	WTSI-OESO_311	2184822	Oesophageal	No	Yes	Yes	Yes	No	No	No	Yes
WTSI-OESO_314	WTSI-OESO_314	2186474	Oesophageal	Yes	Yes	Yes	No	No	No	No	Yes
WTSI-OESO_319	WTSI-OESO_319	2189326	Oesophageal	Yes	Yes	Yes	No	No	No	No	Yes
WTSI-OESO_323	WTSI-OESO_323	2193354	Oesophageal	Yes	Yes	Yes	Yes	No	No	No	Yes
WTSI-OESO_324	WTSI-OESO_324	2194473	Oesophageal	Yes	Yes	Yes	No	No	No	No	Yes
WTSI-OESO_326	WTSI-OESO_326	2194562	Oesophageal	Yes	Yes	Yes	No	No	No	No	Yes
WTSI-OESO_328	WTSI-OESO_328	2194557	Oesophageal	Yes	Yes	Yes	No	No	No	No	Yes
WTSI-OESO_331	WTSI-OESO_331	2195013	Oesophageal	No	Yes	Yes	No	No	No	No	Yes
WTSI-OESO_339	WTSI-OESO_339	2197760	Oesophageal	Yes	Yes	Yes	No	No	No	No	Yes
WTSI-OESO_354	WTSI-OESO_354	2207119	Oesophageal	Yes	Yes	Yes	No	No	No	No	Yes
WTSI-OESO_356	WTSI-OESO_356	2207172	Oesophageal	No	Yes	Yes	No	No	No	No	No
WTSI-OESO_358	WTSI-OESO_358	2207828	Oesophageal	Yes	Yes	Yes	No	No	No	No	Yes
WTSI-OESO_361	WTSI-OESO_361	2208559	Oesophageal	Yes	Yes	Yes	No	No	No	No	Yes
WTSI-OVAR_018	WTSI-OVAR_018	2172198	Ovarian	Yes	Yes	Yes	Yes	No	No	No	Yes
WTSI-OVAR_025	WTSI-OVAR_025	2179614	Ovarian	No	Yes	Yes	Yes	No	No	No	Yes
WTSI-OVAR_036	WTSI-OVAR_036	2183036	Ovarian	No	Yes	Yes	Yes	No	No	No	Yes
WTSI-OVAR_044	WTSI-OVAR_044	2185408	Ovarian	Yes	Yes	Yes	Yes	No	No	No	Yes
WTSI-OVAR_062	WTSI-OVAR_062	2197367	Ovarian	Yes	Yes	Yes	No	No	No	No	Yes
WTSI-OVAR_063	WTSI-OVAR_063	2197573	Ovarian	No	Yes	Yes	No	No	No	No	Yes
WTSI-OVAR_067	WTSI-OVAR_067	2198944	Ovarian	Yes	Yes	Yes	No	No	No	No	Yes
WTSI-OVAR_071	WTSI-OVAR_071	2199056	Ovarian	Yes	Yes	Yes	Yes	No	No	No	Yes
WTSI-OVAR_087	WTSI-OVAR_087	2201631	Ovarian	Yes	Yes	Yes	Yes	No	No	No	Yes
WTSI-OVAR_091	WTSI-OVAR_091	2201865	Ovarian	No	Yes	Yes	No	No	No	No	Yes
WTSI-OVAR_094	WTSI-OVAR_094	2203199	Ovarian	Yes	Yes	Yes	No	No	No	No	Yes
WTSI-OVAR_095	WTSI-OVAR_095	2203200	Ovarian	No	Yes	Yes	Yes	No	No	No	Yes
WTSI-OVAR_098	WTSI-OVAR_098	2203330	Ovarian	Yes	Yes	Yes	No	No	No	No	Yes
WTSI-OVAR_102	WTSI-OVAR_102	2203959	Ovarian	No	Yes	Yes	No	No	No	No	Yes
WTSI-OVAR_106	WTSI-OVAR_106	2205737	Ovarian	No	Yes	Yes	Yes	No	No	No	Yes
WTSI-OVAR_107	WTSI-OVAR_107	2206315	Ovarian	No	Yes	Yes	Yes	No	No	No	Yes
WTSI-OVAR_108	WTSI-OVAR_108	2206689	Ovarian	No	Yes	Yes	No	No	No	No	Yes
WTSI-OVAR_109	WTSI-OVAR_109	2207117	Ovarian	Yes	Yes	Yes	Yes	No	No	No	Yes
WTSI-OVOMTM_001	WTSI-OVOMTM_001	2199056	Ovarian	Yes	Yes	Yes	Yes	No	No	No	Yes
WTSI-OVOMTM_006	WTSI-OVOMTM_006	2203199	Ovarian	Yes	Yes	Yes	Yes	No	No	No	Yes
WTSI-PALIVM_001	WTSI-PALIVM_001	2147041	Pancreatic	No	Yes	Yes	Yes	No	No	No	Yes
HCM-SANG-0315-C25	WTSI-PANC_014	2134269	Pancreatic	No	Yes	Yes	No	Yes	Yes	Available	Yes
WTSI-PANC_034	WTSI-PANC_034	2137268	Pancreatic	No	Yes	Yes	Yes	No	No	No	Yes
HCM-SANG-0528-C25	WTSI-PANC_040	2143745	Pancreatic	No	Yes	Yes	No	Yes	No	Unmanufactured	Yes
WTSI-PANC_044	WTSI-PANC_044	2146620	Pancreatic	No	Yes	Yes	No	No	No	No	Yes
HCM-SANG-1095-C25	WTSI-PANC_046	2155778	Pancreatic	Yes	Yes	Yes	No	Yes	No	Unmanufactured	Yes
HCM-SANG-0778-C25	WTSI-PANC_047	2152432	Pancreatic	No	Yes	Yes	Yes	Yes	No	Unmanufactured	Yes
HCM-SANG-0547-C25	WTSI-PANC_050	2147043	Pancreatic	No	Yes	Yes	Yes	Yes	No	Unmanufactured	Yes
HCM-SANG-0548-C25	WTSI-PANC_052	2152433	Pancreatic	No	Yes	Yes	Yes	Yes	No	Unmanufactured	Yes
HCM-SANG-0552-C25	WTSI-PANC_058	2156398	Pancreatic	No	Yes	Yes	Yes	Yes	No	Unmanufactured	Yes
WTSI-PANC_060	WTSI-PANC_060	2156443	Pancreatic	No	Yes	Yes	No	No	No	No	Yes
WTSI-PANC_067	WTSI-PANC_067	2156429	Pancreatic	Yes	Yes	Yes	Yes	No	No	No	Yes
HCM-SANG-1309-C25	WTSI-PANC_072	2158270	Pancreatic	No	Yes	Yes	Yes	Yes	No	Unmanufactured	Yes
HCM-SANG-0780-C25	WTSI-PANC_077	2158661	Pancreatic	No	Yes	Yes	Yes	Yes	No	Unmanufactured	Yes
HCM-SANG-0779-C25	WTSI-PANC_079	2160318	Pancreatic	No	Yes	Yes	No	Yes	No	Unmanufactured	Yes
HCM-SANG-1306-C25	WTSI-PANC_086	2161375	Pancreatic	Yes	Yes	Yes	Yes	Yes	No	Unmanufactured	Yes
HCM-SANG-1320-C25	WTSI-PANC_088	2163885	Pancreatic	Yes	Yes	Yes	Yes	Yes	No	Unmanufactured	Yes
HCM-SANG-1307-C25	WTSI-PANC_094	2166937	Pancreatic	No	Yes	Yes	No	Yes	No	No	Yes
HCM-SANG-1308-C25	WTSI-PANC_098	2167655	Pancreatic	No	Yes	Yes	No	Yes	No	No	Yes
WTSI-PANC_109	WTSI-PANC_109	2180711	Pancreatic	No	Yes	Yes	Yes	No	No	No	Yes
WTSI-PANC_128	WTSI-PANC_128	2203664	Pancreatic	No	Yes	Yes	Yes	No	No	No	Yes
WTSI-PANC_131	WTSI-PANC_131	2207336	Pancreatic	No	Yes	Yes	No	No	No	No	Yes
