matrix	metric	value	interpretation
normalized_LFC	data_rows	2948036	
normalized_LFC	data_columns	6	
normalized_LFC	unique_screened_models	162	
normalized_LFC	unique_gene_symbols	16562	
normalized_LFC	duplicate_model_gene_rows	264992	
normalized_LFC	duplicate_model_gene_library_rows	0	
normalized_LFC	models_with_two_libraries	16	
normalized_LFC	missing_cells_total	0	
normalized_LFC	minimum_value	-4.12960818625818	
normalized_LFC	maximum_value	2.44225628640653	
normalized_LFC	median_value	-0.04182358959117845	
normalized_LFC	library_counts	"{""minLib"": 2384928, ""v1_1"": 563108}"	
binary_essentiality	data_rows	2948036	
binary_essentiality	data_columns	6	
binary_essentiality	unique_screened_models	162	
binary_essentiality	unique_gene_symbols	16562	
binary_essentiality	duplicate_model_gene_rows	264992	
binary_essentiality	duplicate_model_gene_library_rows	0	
binary_essentiality	models_with_two_libraries	16	
binary_essentiality	missing_cells_total	0	
binary_essentiality	minimum_value	0.0	
binary_essentiality	maximum_value	1.0	
binary_essentiality	median_value	0.0	
binary_essentiality	library_counts	"{""minLib"": 2384928, ""v1_1"": 563108}"	
normalized_LFC	direction	more negative = stronger loss of fitness/dependency	confirmed by lower mean LFC in provided essential controls than non-essential controls
normalized_LFC	control_group_mean_LFC	"{""DNA_REPLICATION"": -1.1873468678356898, ""HISTONES"": -0.13985861391385399, ""PROTEASOME"": -1.2258290421805178, ""RIBOSOMAL"": -1.1915022700276432, ""RNA_POLYMERASE"": -1.186849528515237, ""SPLICEOSOME"": -1.2454058378380541, ""curated_BAGEL_essential"": -0.8271732606447305, ""curated_BAGEL_non_essential"": -0.008442829541358355}"	empirical direction check
binary_essentiality	definition	is_depleted=1 denotes BAGEL2-called depleted/essential in that organoid; 0 denotes not depleted	binary screen call, not effect magnitude
both	identifier_format	sample_ID (HCM-SANG-* or WTSI-*); gene symbol + Ensembl + HGNC; library field	join samples to S2 sample_ID; retain gene identifiers together
