file	description	manuscript_section	figure_or_table	source_stage	final_frozen	notes
CRC_ESCA_GENE_DIFFERENTIAL_DEPENDENCY.tsv	crc esca gene differential dependency	Results §1–2	Fig 2c	P2-2	yes	frozen final table (06_tables or 02_crispr)
CRC_ESCA_PATHWAY_DIFFERENTIAL_DEPENDENCY.tsv	crc esca pathway differential dependency	Results §1	Fig 2b	P2-2	yes	frozen final table (06_tables or 02_crispr)
CRISPR_MATRIX_QC.tsv	crispr matrix qc	Methods §2	Supp S3	P2-0/1	yes	frozen final table (06_tables or 02_crispr)
METABOLIC_GENE_DEPENDENCY_SCOUT.tsv	metabolic gene dependency scout	Results §1 / Methods §4	Supp	P2-2	yes	frozen final table (06_tables or 02_crispr)
METABOLIC_ORGANOID_GENE_CONSENSUS.tsv	metabolic organoid gene consensus	Methods §2 / Results §1	Fig 2a, 3c (display)	P2-2	yes	frozen final table (06_tables or 02_crispr)
P2_3A_DEPMAP_CANDIDATE_COMPARISON.tsv	p2 3a depmap candidate comparison	Results §4	Fig 4a, 4c	P2-3A	yes	frozen final table (06_tables or 02_crispr)
P2_3A_EXTERNAL_VALIDATION_SHORTLIST.tsv	p2 3a external validation shortlist	Results §4	Fig 4b	P2-3A	yes	frozen final table (06_tables or 02_crispr)
P2_3A_OXPHOS_DRIVER_GENES.tsv	p2 3a oxphos driver genes	Results §2	Fig 3d	P2-3A	yes	frozen final table (06_tables or 02_crispr)
P2_3B_CANDIDATE_EXPRESSION_DEPENDENCY.tsv	p2 3b candidate expression dependency	Results §5	Supp S5	P2-3B	yes	frozen final table (06_tables or 02_crispr)
P2_3B_CANDIDATE_GENOMIC_BIOMARKERS.tsv	p2 3b candidate genomic biomarkers	Results §5	Supp S5	P2-3B	yes	frozen final table (06_tables or 02_crispr)
P2_3B_FINAL_CANDIDATE_RANKING.tsv	p2 3b final candidate ranking	Results §4–5	Fig 4d	P2-3B	yes	frozen final table (06_tables or 02_crispr)
P2_3B_OXPHOS_SUBMODULE_GENE_DRIVERS.tsv	p2 3b oxphos submodule gene drivers	Results §2–3	Fig 2e, 3d	P2-3B	yes	frozen final table (06_tables or 02_crispr)
P2_3B_OXPHOS_SUBMODULE_RESULTS.tsv	p2 3b oxphos submodule results	Results §3	Fig 3b, 3e	P2-3B	yes	frozen final table (06_tables or 02_crispr)
P2_4A_EXTERNAL_VALIDATION_SUMMARY.tsv	p2 4a external validation summary	Results synthesis	Fig 7c (scaffold)	P2-4A	yes	frozen final table (06_tables or 02_crispr)
P2_4A_SC_CELLTYPE_PROGRAM.tsv	p2 4a sc celltype program	Results §7	Fig 6a	P2-4A	yes	frozen final table (06_tables or 02_crispr)
P2_4A_SC_GENE_COVERAGE.tsv	p2 4a sc gene coverage	Methods §12	Supp S9	P2-4A	yes	frozen final table (06_tables or 02_crispr)
P2_4A_SC_PSEUDOBULK.tsv	p2 4a sc pseudobulk	Results §7	Fig 6b	P2-4A	yes	frozen final table (06_tables or 02_crispr)
P2_4A_TCGA_GENE_COVERAGE.tsv	p2 4a tcga gene coverage	Methods §11	Supp S9	P2-4A	yes	frozen final table (06_tables or 02_crispr)
P2_4A_TCGA_MODULE_SUMMARY.tsv	p2 4a tcga module summary	Results §6	Fig 5a	P2-4A	yes	frozen final table (06_tables or 02_crispr)
P2_4A_TCGA_MSI_STAGE.tsv	p2 4a tcga msi stage	Results §6	Fig 5b + Supp S6	P2-4A	yes	frozen final table (06_tables or 02_crispr)
P2_4A_TCGA_SURVIVAL.tsv	p2 4a tcga survival	Results §6	Supp S6	P2-4A	yes	frozen final table (06_tables or 02_crispr)
P2_4B_CPTAC_CLINICAL_ASSOCIATIONS.tsv	p2 4b cptac clinical associations	Results §8 / Freeze F17	Supp S8	P2-4B	yes	frozen final table (06_tables or 02_crispr)
P2_4B_CPTAC_GENE_COVERAGE.tsv	p2 4b cptac gene coverage	Methods §13	Supp S9	P2-4B	yes	frozen final table (06_tables or 02_crispr)
P2_4B_CPTAC_MODULE_SUMMARY.tsv	p2 4b cptac module summary	Results §8	Fig 7a	P2-4B	yes	frozen final table (06_tables or 02_crispr)
P2_4B_RNA_PROTEIN_CONCORDANCE.tsv	p2 4b rna protein concordance	Results §8	Fig 7b	P2-4B	yes	frozen final table (06_tables or 02_crispr)
P2_SCOUT_PATHWAY_SHORTLIST.tsv	p2 scout pathway shortlist	Results §1	Supp S4	P2-2	yes	frozen final table (06_tables or 02_crispr)
P2_SCOUT_SHORTLIST.tsv	p2 scout shortlist	Results §1	Supp	P2-2	yes	frozen final table (06_tables or 02_crispr)
PATHWAY_DEPENDENCY_MATRIX.tsv	pathway dependency matrix	Results §1	Fig 2a (display)	P2-2	yes	frozen final table (06_tables or 02_crispr)
PATHWAY_DEPENDENCY_SUMMARY.tsv	pathway dependency summary	Results §1	Supp	P2-2	yes	frozen final table (06_tables or 02_crispr)
PATHWAY_TIER_QC.tsv	pathway tier qc	Methods §3	Supp S1	P2-0/1	yes	frozen final table (06_tables or 02_crispr)
SELECTIVE_METABOLIC_DEPENDENCIES.tsv	selective metabolic dependencies	Results §1	Fig 2d	P2-2	yes	frozen final table (06_tables or 02_crispr)
