gene	ensembl_id	submodule	n_CRC	n_ESCA	median_CRC	median_ESCA	median_difference_CRC_minus_ESCA	rank_biserial_CRC_vs_ESCA	raw_P	BH_FDR	oxphos_alignment	driver_score	driver_rank	driver_category	candidate_external_tested	common_essential_status	cellline_effect_global_median	cellline_binary_depleted_fraction_global	CRC_cellline_lineage_rank_biserial	CRC_cellline_lineage_BH_FDR	ESCA_cellline_lineage_rank_biserial	ESCA_cellline_lineage_BH_FDR
"NDUFA6"	"ENSG00000184983"	"complex_I"	85	59	-0.387404807651751	-0.208645161833638	-0.178759645818113	-0.406181455633101	3.54316206367405e-05	0.0124730429895565	"aligned_CRC_stronger"	0.0726088531468587	1	"primary_FDR_driver"	TRUE	"not_flagged"	-0.481725068906723	0.626881720430108	-0.119856887298748	0.773658732062208	-0.217513134851138	0.873482631651829
"ISCA2"	"ENSG00000165898"	"other_respiratory_or_linked"	85	59	-0.404205932269992	-0.224466810785978	-0.179739121484014	-0.391026919242273	6.86125805938563e-05	0.0134141758362459	"aligned_CRC_stronger"	0.0702828349412066	2	"primary_FDR_driver"	TRUE	"DepMap_inferred_common_essential"	-0.652246509812128	0.759139784946237	-0.186151741555298	0.517028917791149	-0.270052539404553	0.808257417795952
"NDUFAF8"	"ENSG00000224877"	"complex_I"	85	59	-0.113765687545644	0.0564462908872018	-0.170211978432846	-0.402193419740778	4.22550328779131e-05	0.0124730429895565	"aligned_CRC_stronger"	0.0684581376867499	3	"primary_FDR_driver"	TRUE	"not_flagged"	-0.385365902930553	0.551612903225807	-0.089550668210039	0.796832250913023	-0.480210157618214	0.669787153761567
"TIMMDC1"	"ENSG00000113845"	"mitochondrial_transport_proteostasis"	85	59	-0.308822691939993	-0.16428373797242	-0.144538953967573	-0.351545363908275	0.000345070673289209	0.0270688772602424	"aligned_CRC_stronger"	0.0508119991714519	4	"primary_FDR_driver"	TRUE	"not_flagged"	-0.256100563537475	0.372043010752688	0.13248447858571	0.752809053482117	-0.143957968476357	0.886893903226295
"COX6B1"	"ENSG00000126267"	"complex_IV"	85	59	-0.663170883574727	-0.523460720095633	-0.139710163479094	-0.359122632103689	0.000256118504314944	0.0241092885395134	"aligned_CRC_stronger"	0.0501730816402489	5	"primary_FDR_driver"	TRUE	"not_flagged"	-0.353893854653734	0.486021505376344	0.0613490476691572	0.841560062820988	-0.0108581436077058	0.974619564614498
"COX6A1"	"ENSG00000111775"	"complex_IV"	85	59	-0.0907815569992681	0.0447657274586736	-0.135547284457942	-0.356729810568295	0.000281572132979743	0.0241344516539171	"aligned_CRC_stronger"	0.0483537571077285	6	"primary_FDR_driver"	TRUE	"DepMap_inferred_common_essential"	-0.353705344332137	0.504301075268817	-0.205303588340524	0.457133030195343	-0.138353765323993	0.886893903226295
"NDUFA2"	"ENSG00000131495"	"complex_I"	85	59	-0.40212214554393	-0.249313554799409	-0.152808590744521	-0.310069790628116	0.00159729100826723	0.0512585205380301	"aligned_CRC_stronger"	0.0473813277383311	7	"supporting_aligned_driver"	FALSE	NA	NA	NA	NA	NA	NA	NA
"NDUFS1"	"ENSG00000023228"	"complex_I"	85	59	-0.480126219801352	-0.316709535434364	-0.163416684366988	-0.288534396809571	0.003313643286273	0.0719825280033457	"aligned_CRC_stronger"	0.0471513344524489	8	"supporting_aligned_driver"	TRUE	"not_flagged"	-0.298888505646595	0.447311827956989	-0.121540566137009	0.773658732062208	-0.138353765323993	0.886893903226295
"COA5"	"ENSG00000183513"	"complex_IV"	85	59	-0.829567365325097	-0.670244016703104	-0.159323348621993	-0.294117647058823	0.00275427797115684	0.0659159405978553	"aligned_CRC_stronger"	0.0468598084182332	9	"supporting_aligned_driver"	TRUE	"not_flagged"	-0.331009538098123	0.467741935483871	0.135009996843102	0.746416696713277	-0.419964973730298	0.669787153761567
"NDUFA9"	"ENSG00000139180"	"complex_I"	85	59	-0.38428577398192	-0.233695558392035	-0.150590215589884	-0.284945164506481	0.0037259566522907	0.0762471129425286	"aligned_CRC_stronger"	0.0429099537543259	10	"supporting_aligned_driver"	TRUE	"not_flagged"	-0.330669156491942	0.464516129032258	0.0813427338735135	0.834123364800662	-0.0458844133099825	0.932728726505056
"NDUFAF7"	"ENSG00000003509"	"complex_I"	85	59	-0.160281206171133	-0.0358056817265272	-0.124475524444605	-0.330408773678963	0.000769391197102935	0.0402363100114572	"aligned_CRC_stronger"	0.0411278053847877	11	"primary_FDR_driver"	TRUE	"not_flagged"	-0.157919700670557	0.289247311827957	0.057981689992634	0.842410099902923	-0.235726795096322	0.841316586832192
"ATP6V0D2"	"ENSG00000147614"	"other_respiratory_or_linked"	85	59	0.130433690386666	0.268732766318594	-0.138299075931928	-0.282153539381854	0.00407830635175253	0.0788246946631263	"aligned_CRC_stronger"	0.0390215737674333	12	"supporting_aligned_driver"	FALSE	NA	NA	NA	NA	NA	NA	NA
"NDUFAF1"	"ENSG00000137806"	"complex_I"	85	59	-0.471872452170158	-0.301349405260057	-0.170523046910101	-0.216350947158524	0.0276821003335959	0.225937142607153	"aligned_CRC_stronger"	0.0368928227113578	13	"supporting_aligned_driver"	TRUE	"DepMap_inferred_common_essential"	-0.281358850993572	0.429032258064516	0.0556666315900243	0.848611710995232	-0.078108581436077	0.921628560162777
"SCO1"	"ENSG00000133028"	"complex_IV"	85	59	-0.164104880285823	-0.0663307225341546	-0.0977741577516683	-0.37666999002991	0.000125664570905412	0.0150328196323486	"aligned_CRC_stronger"	0.0368285910255037	14	"primary_FDR_driver"	TRUE	"not_flagged"	-0.152137580856002	0.264516129032258	-0.0647164053456804	0.841560062820988	-0.511733800350263	0.660496654729209
"NDUFAF3"	"ENSG00000178057"	"complex_I"	85	59	-0.320369750552889	-0.213024890094403	-0.107344860458486	-0.319242273180459	0.00115472505794778	0.049408235812796	"aligned_CRC_stronger"	0.0342690172670062	15	"primary_FDR_driver"	TRUE	"not_flagged"	-0.230652370422969	0.367741935483871	0.069767441860465	0.841560062820988	-0.42276707530648	0.669787153761567
"MDH1"	"ENSG00000014641"	"other_respiratory_or_linked"	85	59	-0.0533441972124085	0.0757128382123702	-0.129057035424779	-0.261415752741775	0.00779549327427232	0.111184207103763	"aligned_CRC_stronger"	0.0337375420621905	16	"supporting_aligned_driver"	FALSE	NA	NA	NA	NA	NA	NA	NA
"DLD"	"ENSG00000091140"	"other_respiratory_or_linked"	85	59	-0.234461660410359	-0.104068990646973	-0.130392669763386	-0.249850448654038	0.0109906838373059	0.141080414347963	"aligned_CRC_stronger"	0.0325786670415798	17	"supporting_aligned_driver"	FALSE	NA	NA	NA	NA	NA	NA	NA
"NDUFB11"	"ENSG00000147123"	"complex_I"	85	59	-0.364896236674266	-0.260774992738387	-0.104121243935879	-0.306081754735793	0.00183460282860148	0.052866514162965	"aligned_CRC_stronger"	0.0318696130491674	18	"supporting_aligned_driver"	FALSE	NA	NA	NA	NA	NA	NA	NA
"NDUFC2"	"ENSG00000151366"	"complex_I"	85	59	-0.675128195455506	-0.551099073328124	-0.124029122127382	-0.24666001994018	0.0120561501324441	0.146752448163889	"aligned_CRC_stronger"	0.0305930257371031	19	"supporting_aligned_driver"	FALSE	NA	NA	NA	NA	NA	NA	NA
"FXN"	"ENSG00000165060"	"other_respiratory_or_linked"	85	59	-0.36875386424211	-0.266967630600566	-0.101786233641544	-0.299302093718843	0.00231353793345326	0.0604947326302964	"aligned_CRC_stronger"	0.0304648328406695	20	"supporting_aligned_driver"	FALSE	NA	NA	NA	NA	NA	NA	NA
"HSCB"	"ENSG00000100209"	"other_respiratory_or_linked"	85	59	-0.471086570590686	-0.367507199920235	-0.103579370670451	-0.282951146560319	0.00397466931982493	0.0788246946631263	"aligned_CRC_stronger"	0.0293079016912004	21	"supporting_aligned_driver"	TRUE	"DepMap_inferred_common_essential"	-0.679521815713298	0.724731182795699	0.468378406818899	0.0242462993571876	-0.130647985989492	0.886893903226295
"COX16"	"ENSG00000133983"	"complex_IV"	85	59	-0.237638712666128	-0.127492295444254	-0.110146417221874	-0.261016949152542	0.00789004868002326	0.111407487361928	"aligned_CRC_stronger"	0.0287500817833366	22	"supporting_aligned_driver"	FALSE	NA	NA	NA	NA	NA	NA	NA
"COX15"	"ENSG00000014919"	"complex_IV"	85	59	-0.432173435069913	-0.327743049083433	-0.104430385986481	-0.254636091724826	0.00954912463178259	0.128412990286448	"aligned_CRC_stronger"	0.0265917453449126	23	"supporting_aligned_driver"	FALSE	NA	NA	NA	NA	NA	NA	NA
"UBA52"	"ENSG00000221983"	"other_respiratory_or_linked"	85	59	-1.69749952524931	-1.58106793892259	-0.11643158632672	-0.226321036889332	0.0212608650006577	0.202624176208323	"aligned_CRC_stronger"	0.026350917344133	24	"supporting_aligned_driver"	TRUE	"both_core_fitness_lists"	-1.92777760269268	0.998924731182796	0.0522992739135011	0.852443378612795	0.243432574430823	0.833183683461554
"NDUFC1"	"ENSG00000109390"	"complex_I"	85	59	-0.37627867224942	-0.260059057426021	-0.116219614823399	-0.226719840478564	0.0210335371763826	0.202036425122804	"aligned_CRC_stronger"	0.0263492925332412	25	"supporting_aligned_driver"	FALSE	NA	NA	NA	NA	NA	NA	NA
"D2HGDH"	"ENSG00000180902"	"other_respiratory_or_linked"	85	59	0.0904182410226355	0.179381600875942	-0.0889633598533063	-0.275772681954138	0.0049998431537257	0.0905099811930857	"aligned_CRC_stronger"	0.0245336643423974	26	"supporting_aligned_driver"	FALSE	NA	NA	NA	NA	NA	NA	NA
"ATP5F1D"	"ENSG00000099624"	"complex_V_ATP_synthase"	85	59	-0.655997841588685	-0.550545455291144	-0.105452386297541	-0.225124626121635	0.0219557358072757	0.202624176208323	"aligned_CRC_stronger"	0.0237399290388681	27	"supporting_aligned_driver"	FALSE	NA	NA	NA	NA	NA	NA	NA
"NDUFA1"	"ENSG00000125356"	"complex_I"	85	59	-0.41814778761124	-0.304931144966361	-0.11321664264488	-0.209571286141575	0.0329490667173947	0.248554692618404	"aligned_CRC_stronger"	0.0237269574117186	28	"supporting_aligned_driver"	FALSE	NA	NA	NA	NA	NA	NA	NA
"NDUFB7"	"ENSG00000099795"	"complex_I"	85	59	-0.597404553547935	-0.486211396739132	-0.111193156808804	-0.211964107676969	0.0309996552402992	0.236602774050284	"aligned_CRC_stronger"	0.0235689582627634	29	"supporting_aligned_driver"	FALSE	NA	NA	NA	NA	NA	NA	NA
"NDUFS7"	"ENSG00000115286"	"complex_I"	85	59	-0.436306982762409	-0.332794035218359	-0.10351294754405	-0.225124626121635	0.0219557358072757	0.202624176208323	"aligned_CRC_stronger"	0.0233033136146027	30	"supporting_aligned_driver"	FALSE	NA	NA	NA	NA	NA	NA	NA
"NDUFAF5"	"ENSG00000101247"	"complex_I"	85	59	-0.0629613859741199	0.0438021855622748	-0.106763571536395	-0.213559322033898	0.0297557675204032	0.232127865960272	"aligned_CRC_stronger"	0.0228003559552301	31	"supporting_aligned_driver"	FALSE	NA	NA	NA	NA	NA	NA	NA
"NDUFB10"	"ENSG00000140990"	"complex_I"	85	59	-0.543310678074514	-0.452620503207714	-0.0906901748668	-0.24666001994018	0.0120561501324441	0.146752448163889	"aligned_CRC_stronger"	0.0223696403410233	32	"supporting_aligned_driver"	TRUE	"DepMap_inferred_common_essential"	-0.386934258322765	0.527956989247312	0.0769230769230769	0.841560062820988	-0.341506129597198	0.728560839918635
"TIMM21"	"ENSG00000075336"	"mitochondrial_transport_proteostasis"	85	59	-0.08658379746863	0.00384794819176878	-0.0904317456603988	-0.244267198404786	0.0129143396105417	0.149244794628946	"aligned_CRC_stronger"	0.0220895091593198	33	"supporting_aligned_driver"	FALSE	NA	NA	NA	NA	NA	NA	NA
"COX18"	"ENSG00000163626"	"complex_IV"	85	59	-0.362041755564162	-0.267219482588254	-0.094822272975908	-0.230309072781655	0.0190811093062764	0.188409275108128	"aligned_CRC_stronger"	0.0218384297681304	34	"supporting_aligned_driver"	FALSE	NA	NA	NA	NA	NA	NA	NA
"TMEM126B"	"ENSG00000171204"	"complex_I"	85	59	-0.158381095757184	-0.0712008907463075	-0.0871802050108766	-0.244666001994018	0.012767658654103	0.149244794628946	"aligned_CRC_stronger"	0.02133003221303	35	"supporting_aligned_driver"	FALSE	NA	NA	NA	NA	NA	NA	NA
"DLST"	"ENSG00000119689"	"other_respiratory_or_linked"	85	59	-0.381728818579464	-0.282356899182884	-0.0993719193965797	-0.211964107676969	0.0309996552402992	0.236602774050284	"aligned_CRC_stronger"	0.0210632802230437	36	"supporting_aligned_driver"	FALSE	NA	NA	NA	NA	NA	NA	NA
"NDUFB9"	"ENSG00000147684"	"complex_I"	85	59	-0.438102810623421	-0.320740623777367	-0.117362186846054	-0.174875373878365	0.075193219273973	0.358691978428547	"aligned_CRC_stronger"	0.0205237563038862	37	"weak_or_neutral"	TRUE	"DepMap_inferred_common_essential"	-0.592709216631174	0.747311827956989	-0.00220982847521833	0.987606777462071	-0.24553415061296	0.833183683461554
"NDUFS5"	"ENSG00000168653"	"complex_I"	85	59	-0.381131746784576	-0.28893469186424	-0.092197054920336	-0.215952143569292	0.027970487895862	0.226978901775615	"aligned_CRC_stronger"	0.0199101516408223	38	"supporting_aligned_driver"	TRUE	"DepMap_inferred_common_essential"	-0.512048342015332	0.647311827956989	0.0611385878143744	0.841560062820988	-0.08861646234676	0.903030067836528
"SMIM20"	"ENSG00000250317"	"other_respiratory_or_linked"	85	59	-0.0138233375968591	0.0534820365839266	-0.0673053741807856	-0.292123629112662	0.00294330544023788	0.0681302833051784	"aligned_CRC_stronger"	0.0196614901644768	39	"supporting_aligned_driver"	FALSE	NA	NA	NA	NA	NA	NA	NA
"ATP5F1B"	"ENSG00000110955"	"complex_V_ATP_synthase"	85	59	-0.927742926314493	-0.817210804502812	-0.110532121811681	-0.176470588235294	0.0725687993659352	0.353334981740346	"aligned_CRC_stronger"	0.0195056685550025	40	"weak_or_neutral"	TRUE	"DepMap_inferred_common_essential"	-0.611468143100391	0.688172043010753	-0.229506471640535	0.382840129072425	0.0654991243432574	0.921628560162777
"DMAC2"	"ENSG00000105341"	"other_respiratory_or_linked"	85	59	-0.311095490628445	-0.221798882815343	-0.089296607813102	-0.217946161515454	0.0265540474908389	0.221859852408666	"aligned_CRC_stronger"	0.0194618529092165	41	"supporting_aligned_driver"	FALSE	NA	NA	NA	NA	NA	NA	NA
"PDHB"	"ENSG00000168291"	"other_respiratory_or_linked"	85	59	-0.113466662720674	0.00608718648148454	-0.119553849202158	-0.161316051844467	0.100762955718216	0.407671328006078	"aligned_CRC_stronger"	0.0192859549361009	42	"weak_or_neutral"	FALSE	NA	NA	NA	NA	NA	NA	NA
"NDUFS8"	"ENSG00000110717"	"complex_I"	85	59	-0.343373632510922	-0.243276205585524	-0.100097426925399	-0.18963110667996	0.0536578114063201	0.303059318822896	"aligned_CRC_stronger"	0.0189815858436798	43	"weak_or_neutral"	FALSE	NA	NA	NA	NA	NA	NA	NA
"SLC25A14"	"ENSG00000102078"	"mitochondrial_transport_proteostasis"	85	59	0.0562322518224275	0.143377206290045	-0.0871449544676179	-0.202791625124626	0.0390514435831281	0.263830805451564	"aligned_CRC_stronger"	0.0176722669378998	44	"supporting_aligned_driver"	FALSE	NA	NA	NA	NA	NA	NA	NA
"NDUFB2"	"ENSG00000090266"	"complex_I"	85	59	-0.343192391489831	-0.247028546452948	-0.0961638450368839	-0.182851445663011	0.0628106059107579	0.329697306862417	"aligned_CRC_stronger"	0.017583698085508	45	"weak_or_neutral"	FALSE	NA	NA	NA	NA	NA	NA	NA
"CS"	"ENSG00000062485"	"other_respiratory_or_linked"	85	59	-0.0717311633104057	0.0121652135215401	-0.0838963768319458	-0.197208374875374	0.0447739114061842	0.283501178948574	"aligned_CRC_stronger"	0.01654506813296	46	"weak_or_neutral"	FALSE	NA	NA	NA	NA	NA	NA	NA
"SCO2"	"ENSG00000284194"	"complex_IV"	85	59	-0.465975143660779	-0.398877521642462	-0.067097622018317	-0.233898305084746	0.0172890109696386	0.180830248067627	"aligned_CRC_stronger"	0.0156940200653013	47	"supporting_aligned_driver"	FALSE	NA	NA	NA	NA	NA	NA	NA
"ATP5ME"	"ENSG00000169020"	"complex_V_ATP_synthase"	85	59	-0.240610595819547	-0.172255688523796	-0.0683549072957511	-0.225523429710867	0.0217219480082297	0.202624176208323	"aligned_CRC_stronger"	0.0154156331309062	48	"supporting_aligned_driver"	FALSE	NA	NA	NA	NA	NA	NA	NA
"COX7B2"	"ENSG00000170516"	"complex_IV"	85	59	-0.051444984064763	0.0213565830864387	-0.0728015671512017	-0.194017946161515	0.0483505975174415	0.294271740063049	"aligned_CRC_stronger"	0.0141248105360158	49	"weak_or_neutral"	FALSE	NA	NA	NA	NA	NA	NA	NA
"NDUFB5"	"ENSG00000136521"	"complex_I"	85	59	-0.0438964264561958	0.0245711530750986	-0.0684675795312944	-0.199601196410768	0.0422401788810621	0.272343071141825	"aligned_CRC_stronger"	0.0136662107897958	50	"weak_or_neutral"	FALSE	NA	NA	NA	NA	NA	NA	NA
"ATP6V0E2"	"ENSG00000171130"	"other_respiratory_or_linked"	85	59	-0.103614672546064	-0.0332234357989919	-0.0703912367470723	-0.190827517447657	0.0521642663719981	0.298202202903892	"aligned_CRC_stronger"	0.0134325849585141	51	"weak_or_neutral"	FALSE	NA	NA	NA	NA	NA	NA	NA
"UCP3"	"ENSG00000175564"	"other_respiratory_or_linked"	85	59	0.142021641729833	0.203956154325338	-0.061934512595505	-0.214755732801595	0.0288512410151261	0.229943676340167	"aligned_CRC_stronger"	0.0133007916381573	52	"supporting_aligned_driver"	FALSE	NA	NA	NA	NA	NA	NA	NA
"NDUFB8"	"ENSG00000166136"	"complex_I"	85	59	-0.46720500772184	-0.373077071503565	-0.094127936218275	-0.129411764705882	0.188112743728425	0.571215471278572	"aligned_CRC_stronger"	0.0121812623341297	53	"weak_or_neutral"	FALSE	NA	NA	NA	NA	NA	NA	NA
"NDUFA11"	"ENSG00000174886"	"complex_I"	85	59	-0.579552465025959	-0.497579283480062	-0.0819731815458972	-0.148554336989033	0.130744461429266	0.477031471674736	"aligned_CRC_stronger"	0.0121774716354324	54	"weak_or_neutral"	TRUE	"not_flagged"	-0.499947183302794	0.626881720430108	-0.0946017047248238	0.786256838493503	-0.197197898423818	0.886893903226295
"IDH3B"	"ENSG00000101365"	"other_respiratory_or_linked"	85	59	-0.0983341755571148	-0.0247664361158869	-0.073567739441228	-0.16530408773679	0.092609772445343	0.395060419011554	"aligned_CRC_stronger"	0.0121610480551901	55	"weak_or_neutral"	FALSE	NA	NA	NA	NA	NA	NA	NA
"TMEM126A"	"ENSG00000171202"	"complex_I"	85	59	0.0130561009444231	0.0689572513092178	-0.0559011503647947	-0.207976071784646	0.03430619583299	0.249641944235768	"aligned_CRC_stronger"	0.0116261016611128	56	"supporting_aligned_driver"	FALSE	NA	NA	NA	NA	NA	NA	NA
"PGAM5"	"ENSG00000247077"	"other_respiratory_or_linked"	85	59	-0.142941586531049	-0.0725380635241278	-0.0704035230069214	-0.161714855433699	0.0999227355163908	0.407671328006078	"aligned_CRC_stronger"	0.0113852955450874	57	"weak_or_neutral"	FALSE	NA	NA	NA	NA	NA	NA	NA
"SLC25A4"	"ENSG00000151729"	"mitochondrial_transport_proteostasis"	85	59	-0.0187998173256505	0.0413607616275723	-0.0601605789532228	-0.189232303090728	0.0541635267654991	0.303487697590813	"aligned_CRC_stronger"	0.0113843249105899	58	"weak_or_neutral"	FALSE	NA	NA	NA	NA	NA	NA	NA
"COX5A"	"ENSG00000178741"	"complex_IV"	85	59	-0.231196255964432	-0.159302916626662	-0.07189333933777	-0.151345962113659	0.123655757766225	0.459478763068185	"aligned_CRC_stronger"	0.0108807666116386	59	"weak_or_neutral"	FALSE	NA	NA	NA	NA	NA	NA	NA
"PDP2"	"ENSG00000172840"	"other_respiratory_or_linked"	85	59	-0.0173009708190784	0.0378344004008873	-0.0551353712199657	-0.191625124626122	0.0511880116757931	0.297438158379506	"aligned_CRC_stronger"	0.0105653223813334	60	"weak_or_neutral"	FALSE	NA	NA	NA	NA	NA	NA	NA
"UQCRB"	"ENSG00000156467"	"complex_III"	85	59	-0.36923356498252	-0.289848314859511	-0.079385250123009	-0.129810568295115	0.186753249521823	0.569536907828971	"aligned_CRC_stronger"	0.0103050444327176	61	"weak_or_neutral"	FALSE	NA	NA	NA	NA	NA	NA	NA
"NDUFA10"	"ENSG00000130414"	"complex_I"	85	59	-0.352569526567472	-0.296248473963642	-0.05632105260383	-0.178065802592223	0.0700198414744517	0.345692364202538	"aligned_CRC_stronger"	0.0100288534347398	62	"weak_or_neutral"	FALSE	NA	NA	NA	NA	NA	NA	NA
"MDH2"	"ENSG00000146701"	"other_respiratory_or_linked"	85	59	-0.214605866990768	-0.139329794059374	-0.0752760729313939	-0.132203389830509	0.178748401121382	0.553492856103929	"aligned_CRC_stronger"	0.0099517520146589	63	"weak_or_neutral"	FALSE	NA	NA	NA	NA	NA	NA	NA
"NDUFS4"	"ENSG00000164258"	"complex_I"	85	59	0.00846462555272696	0.0633168314134076	-0.0548522058606806	-0.170887337986042	0.0820944030432596	0.377194855247412	"aligned_CRC_stronger"	0.00937354744219408	64	"weak_or_neutral"	FALSE	NA	NA	NA	NA	NA	NA	NA
"ACAD9"	"ENSG00000177646"	"complex_I"	85	59	-0.350358308922531	-0.294923436114536	-0.055434872807995	-0.162512462612163	0.0982590618974202	0.407671328006078	"aligned_CRC_stronger"	0.0090088576946193	65	"weak_or_neutral"	FALSE	NA	NA	NA	NA	NA	NA	NA
"COX4I1"	"ENSG00000131143"	"complex_IV"	85	59	-0.477657172554779	-0.41047427525723	-0.0671828972975492	-0.126620139581256	0.197834182643428	0.57834754843172	"aligned_CRC_stronger"	0.00850670783328887	66	"weak_or_neutral"	TRUE	"not_flagged"	-0.222796249937198	0.356989247311828	0.00536672629695878	0.987606777462071	-0.31768826619965	0.728560839918635
"SLC25A22"	"ENSG00000177542"	"mitochondrial_transport_proteostasis"	85	59	-0.0897927047437558	-0.0286873606050253	-0.0611053441387305	-0.136590229312064	0.164740354162721	0.53229606425117	"aligned_CRC_stronger"	0.00834639296810178	67	"weak_or_neutral"	FALSE	NA	NA	NA	NA	NA	NA	NA
"PET117"	"ENSG00000232838"	"complex_IV"	85	59	-0.0241578932362777	0.0470355870402757	-0.0711934802765535	-0.114656031904287	0.243663837229723	0.62298251305975	"aligned_CRC_stronger"	0.00816276194596575	68	"weak_or_neutral"	FALSE	NA	NA	NA	NA	NA	NA	NA
"PKM"	"ENSG00000067225"	"other_respiratory_or_linked"	85	59	-0.439007113105472	-0.369224003157725	-0.069783109947747	-0.112662013958126	0.251974612582093	0.628600976971582	"aligned_CRC_stronger"	0.00786190570697452	69	"weak_or_neutral"	FALSE	NA	NA	NA	NA	NA	NA	NA
"NDUFA3"	"ENSG00000170906"	"complex_I"	85	59	-0.339873705638051	-0.272863488054388	-0.0670102175836623	-0.111465603190429	0.257054915383487	0.633440733894387	"aligned_CRC_stronger"	0.00746933432288481	70	"weak_or_neutral"	FALSE	NA	NA	NA	NA	NA	NA	NA
"ATP5F1A"	"ENSG00000152234"	"complex_V_ATP_synthase"	85	59	-0.84692836402953	-0.794088447296154	-0.0528399167333751	-0.138584247258225	0.158653284648643	0.523407565242719	"aligned_CRC_stronger"	0.00732278008568208	71	"weak_or_neutral"	TRUE	"DepMap_inferred_common_essential"	-0.766939688011686	0.787096774193548	0.0929180258865621	0.786256838493503	-0.358318739054291	0.728560839918635
"UQCRQ"	"ENSG00000164405"	"complex_III"	85	59	-0.272337259084575	-0.227242073617805	-0.04509518546677	-0.162113659022931	0.0990881121093171	0.407671328006078	"aligned_CRC_stronger"	0.00731054552033579	72	"weak_or_neutral"	FALSE	NA	NA	NA	NA	NA	NA	NA
"ISCU"	"ENSG00000136003"	"other_respiratory_or_linked"	85	59	-1.3113236796713	-1.23564241390465	-0.0756812657666501	-0.0963110667996012	0.327573849031179	0.706159198216831	"aligned_CRC_stronger"	0.00728894344273021	73	"weak_or_neutral"	FALSE	NA	NA	NA	NA	NA	NA	NA
"SIRT4"	"ENSG00000089163"	"other_respiratory_or_linked"	85	59	-0.0197900482027789	0.014237605670521	-0.0340276538732999	-0.204785643070788	0.037164181462224	0.255979630364196	"aligned_CRC_stronger"	0.00696837498063391	74	"supporting_aligned_driver"	FALSE	NA	NA	NA	NA	NA	NA	NA
"NDUFA4L2"	""	"complex_I"	85	59	-0.0748671320026843	-0.0201177918077216	-0.0547493401949627	-0.123429710867398	0.209388646403536	0.593688290606011	"aligned_CRC_stronger"	0.00675769523044506	75	"weak_or_neutral"	FALSE	NA	NA	NA	NA	NA	NA	NA
"GPT"	"ENSG00000167701"	"other_respiratory_or_linked"	85	59	-0.116550447314497	-0.0693601454821447	-0.0471903018323518	-0.140977068793619	0.151575365472186	0.505967886635287	"aligned_CRC_stronger"	0.0066527504278111	76	"weak_or_neutral"	FALSE	NA	NA	NA	NA	NA	NA	NA
"COX5B"	"ENSG00000135940"	"complex_IV"	85	59	-0.206280044666233	-0.154366309541724	-0.051913735124509	-0.12382851445663	0.207918178488192	0.591896104889772	"aligned_CRC_stronger"	0.00642840070036292	77	"weak_or_neutral"	FALSE	NA	NA	NA	NA	NA	NA	NA
"SDHAF3"	"ENSG00000196636"	"complex_II"	85	59	-0.0942469272938192	-0.050292189199523	-0.0439547380942962	-0.14456630109671	0.141412920051386	0.493024797808783	"aligned_CRC_stronger"	0.00635437390196705	78	"weak_or_neutral"	FALSE	NA	NA	NA	NA	NA	NA	NA
"NDUFS3"	"ENSG00000213619"	"complex_I"	85	59	-0.42329016545019	-0.380322041493741	-0.042968123956449	-0.137387836490528	0.162284754219907	0.529205711220574	"aligned_CRC_stronger"	0.00590329758843335	79	"weak_or_neutral"	FALSE	NA	NA	NA	NA	NA	NA	NA
"UQCRC2"	"ENSG00000140740"	"complex_III"	85	59	-0.572046126497204	-0.532792784521451	-0.039253341975753	-0.146959122632104	0.134934405796428	0.481129749961002	"aligned_CRC_stronger"	0.0057686366971346	80	"weak_or_neutral"	FALSE	NA	NA	NA	NA	NA	NA	NA
"NDUFAB1"	"ENSG00000004779"	"complex_I"	85	59	-0.717465791785375	-0.671195669344743	-0.046270122440632	-0.119441674975075	0.224509015090506	0.612669534644217	"aligned_CRC_stronger"	0.00552658092561089	81	"weak_or_neutral"	TRUE	"DepMap_inferred_common_essential"	-0.499637766820594	0.619354838709677	-0.17773334736399	0.537689150597231	-0.0115586690017513	0.974619564614498
"UQCRC1"	"ENSG00000010256"	"complex_III"	85	59	-0.5602497107741	-0.497219256026317	-0.0630304547477825	-0.0811565304087737	0.409572991802893	0.771089419234246	"aligned_CRC_stronger"	0.00511533301741725	82	"weak_or_neutral"	FALSE	NA	NA	NA	NA	NA	NA	NA
"PDHA1"	"ENSG00000131828"	"other_respiratory_or_linked"	85	59	-0.147667974988105	-0.117624135059822	-0.0300438399282836	-0.162512462612163	0.0982590618974202	0.407671328006078	"aligned_CRC_stronger"	0.004882498413071	83	"weak_or_neutral"	FALSE	NA	NA	NA	NA	NA	NA	NA
"ATP4B"	"ENSG00000186009"	"other_respiratory_or_linked"	85	59	-0.164437184998809	-0.133135549344596	-0.031301635654213	-0.14975074775673	0.127668774888606	0.47190657105422	"aligned_CRC_stronger"	0.00468744334522712	84	"weak_or_neutral"	FALSE	NA	NA	NA	NA	NA	NA	NA
"SURF1"	"ENSG00000148290"	"complex_IV"	85	59	-0.148210752604414	-0.116223769985679	-0.0319869826187349	-0.140977068793619	0.151575365472186	0.505967886635287	"aligned_CRC_stronger"	0.00450943104914169	85	"weak_or_neutral"	FALSE	NA	NA	NA	NA	NA	NA	NA
"NDUFV2"	"ENSG00000178127"	"complex_I"	85	59	-0.2704635567572	-0.206140092086322	-0.064323464670878	-0.0687936191425723	0.484730627140708	0.807122223493726	"aligned_CRC_stronger"	0.00442504393049909	86	"weak_or_neutral"	FALSE	NA	NA	NA	NA	NA	NA	NA
"COX4I2"	"ENSG00000131055"	"complex_IV"	85	59	-0.176337558467897	-0.145240788687397	-0.0310967697805	-0.134995014955135	0.169735328156417	0.541007411640769	"aligned_CRC_stronger"	0.00419790890157499	87	"weak_or_neutral"	FALSE	NA	NA	NA	NA	NA	NA	NA
"PYURF"	"ENSG00000145337"	"other_respiratory_or_linked"	85	59	-0.30137362596972	-0.262277211793074	-0.0390964141766464	-0.0983050847457627	0.317637826733116	0.697518835687652	"aligned_CRC_stronger"	0.00384337630889066	88	"weak_or_neutral"	FALSE	NA	NA	NA	NA	NA	NA	NA
"LHPP"	"ENSG00000107902"	"other_respiratory_or_linked"	85	59	0.0855618425461741	0.120817913365548	-0.0352560708193737	-0.106281156530409	0.279888561913776	0.658544608031173	"aligned_CRC_stronger"	0.00374705598140104	89	"weak_or_neutral"	FALSE	NA	NA	NA	NA	NA	NA	NA
"COX7A2"	"ENSG00000112695"	"complex_IV"	85	59	-0.128753731063102	-0.0571768401104659	-0.0715768909526366	-0.0516450648055833	0.600253718720938	0.864855357993842	"aligned_CRC_stronger"	0.00369659317183109	90	"weak_or_neutral"	FALSE	NA	NA	NA	NA	NA	NA	NA
"LYRM4"	"ENSG00000214113"	"other_respiratory_or_linked"	85	59	-0.619936453124815	-0.586378387508841	-0.0335580656159741	-0.107876370887338	0.272720575397391	0.652680427900197	"aligned_CRC_stronger"	0.00362012233265045	91	"weak_or_neutral"	FALSE	NA	NA	NA	NA	NA	NA	NA
"NDUFA8"	"ENSG00000119421"	"complex_I"	85	59	-0.56072470970856	-0.527186365114849	-0.0335383445937111	-0.106679960119641	0.278084674807159	0.658544608031173	"aligned_CRC_stronger"	0.00357786926373588	92	"weak_or_neutral"	FALSE	NA	NA	NA	NA	NA	NA	NA
"PDK4"	"ENSG00000004799"	"other_respiratory_or_linked"	85	59	0.0748286242568523	0.107193375544182	-0.0323647512873296	-0.10827517447657	0.270948377576551	0.649540083426298	"aligned_CRC_stronger"	0.00350429909252641	93	"weak_or_neutral"	FALSE	NA	NA	NA	NA	NA	NA	NA
"HCCS"	"ENSG00000004961"	"other_respiratory_or_linked"	85	59	-0.341823444613923	-0.317160214901647	-0.024663229712276	-0.139780658025922	0.155083665849526	0.515242673363602	"aligned_CRC_stronger"	0.00344744247822641	94	"weak_or_neutral"	FALSE	NA	NA	NA	NA	NA	NA	NA
"OGDH"	"ENSG00000105953"	"other_respiratory_or_linked"	85	59	-0.525419000017427	-0.456224627054196	-0.0691943729632311	-0.0492522432701894	0.617313140165999	0.868173460074094	"aligned_CRC_stronger"	0.00340797809011327	95	"weak_or_neutral"	TRUE	"DepMap_inferred_common_essential"	-0.406051248095223	0.540860215053764	-0.0670314637482901	0.841560062820988	-0.233625218914186	0.841316586832192
"ATP6V1A"	"ENSG00000114573"	"other_respiratory_or_linked"	85	59	-1.35045825662162	-1.30462393037821	-0.0458343262434149	-0.072382851445663	0.462172104439348	0.798156728208222	"aligned_CRC_stronger"	0.00331761922758915	96	"weak_or_neutral"	FALSE	NA	NA	NA	NA	NA	NA	NA
"TACO1"	"ENSG00000136463"	"complex_IV"	85	59	0.0152998923953236	0.0426493207618553	-0.0273494283665318	-0.117447657028913	0.232355205811889	0.615545123088907	"aligned_CRC_stronger"	0.00321212628272925	97	"weak_or_neutral"	FALSE	NA	NA	NA	NA	NA	NA	NA
"TMEM223"	"ENSG00000168569"	"other_respiratory_or_linked"	85	59	0.0104576939605254	0.0673201811988762	-0.0568624872383507	-0.0528414755732801	0.591804741250348	0.862361501182138	"aligned_CRC_stronger"	0.00300469773044126	98	"weak_or_neutral"	FALSE	NA	NA	NA	NA	NA	NA	NA
"FOXRED1"	"ENSG00000110074"	"complex_I"	85	59	-0.212504433832509	-0.171615221998964	-0.0408892118335449	-0.0727816550348953	0.459702283561207	0.797419685980865	"aligned_CRC_stronger"	0.00297598451031782	99	"weak_or_neutral"	FALSE	NA	NA	NA	NA	NA	NA	NA
"NFS1"	"ENSG00000244005"	"other_respiratory_or_linked"	85	59	-0.776760024244837	-0.757406973402312	-0.019353050842525	-0.132602193419741	0.177439453221827	0.553078383993861	"aligned_CRC_stronger"	0.00256625699108258	100	"weak_or_neutral"	TRUE	"DepMap_inferred_common_essential"	-0.557249639653413	0.645161290322581	0.0499842155108914	0.852443378612795	0.4353765323993	0.669787153761567
"UCP2"	"ENSG00000175567"	"other_respiratory_or_linked"	85	59	0.0698864443127449	0.0970411354830813	-0.0271546911703364	-0.0903290129611166	0.358578018498635	0.729556429567829	"aligned_CRC_stronger"	0.00245285645068044	101	"weak_or_neutral"	FALSE	NA	NA	NA	NA	NA	NA	NA
"NDUFB3"	"ENSG00000119013"	"complex_I"	85	59	-0.513442751684338	-0.488970075771785	-0.024472675912553	-0.0983050847457627	0.317637826733116	0.697518835687652	"aligned_CRC_stronger"	0.00240578847953911	102	"weak_or_neutral"	FALSE	NA	NA	NA	NA	NA	NA	NA
"NDUFS2"	"ENSG00000158864"	"complex_I"	85	59	-0.385455083962634	-0.365341128454641	-0.0201139555079932	-0.110269192422732	0.262205875107409	0.638335682158036	"aligned_CRC_stronger"	0.00221794963029317	103	"weak_or_neutral"	FALSE	NA	NA	NA	NA	NA	NA	NA
"NDUFA7"	"ENSG00000267855"	"complex_I"	85	59	-0.163283268657705	-0.133002151554729	-0.030281117102976	-0.0687936191425723	0.484730627140708	0.807122223493726	"aligned_CRC_stronger"	0.00208314763719376	104	"weak_or_neutral"	FALSE	NA	NA	NA	NA	NA	NA	NA
"ATP6V1C2"	"ENSG00000143882"	"other_respiratory_or_linked"	85	59	0.0436403497093102	0.0906994051649881	-0.0470590554556779	-0.0400797607178465	0.684574190138604	0.898091018980069	"aligned_CRC_stronger"	0.00188611568227144	105	"weak_or_neutral"	FALSE	NA	NA	NA	NA	NA	NA	NA
"ATP5F1C"	"ENSG00000165629"	"complex_V_ATP_synthase"	85	59	-0.192011518003131	-0.22371497723293	0.031703459229799	-0.0568295114656032	0.564043839996685	0.852708674598843	"aligned_CRC_stronger"	0.00180169209979915	106	"weak_or_neutral"	FALSE	NA	NA	NA	NA	NA	NA	NA
"NDUFA13"	"ENSG00000186010"	"complex_I"	85	59	-0.502439549071563	-0.488050685314892	-0.0143888637566707	-0.124626121635095	0.204999738096399	0.588918710903617	"aligned_CRC_stronger"	0.00179322828472965	107	"weak_or_neutral"	FALSE	NA	NA	NA	NA	NA	NA	NA
"HAGH"	"ENSG00000063854"	"other_respiratory_or_linked"	85	59	-0.0885235493963755	-0.0687954317459288	-0.0197281176504467	-0.0863409770687936	0.380239494397019	0.751958215810352	"aligned_CRC_stronger"	0.00170334495366768	108	"weak_or_neutral"	FALSE	NA	NA	NA	NA	NA	NA	NA
"RMND5A"	"ENSG00000153561"	"other_respiratory_or_linked"	85	59	-0.225790349440429	-0.202485175746672	-0.023305173693757	-0.0719840478564308	0.464649313446996	0.798156728208222	"aligned_CRC_stronger"	0.00167760073847384	109	"weak_or_neutral"	FALSE	NA	NA	NA	NA	NA	NA	NA
"ATP6V0A4"	"ENSG00000105929"	"other_respiratory_or_linked"	85	59	-0.0418527378713499	-0.0142725120639531	-0.0275802258073968	-0.0580259222333001	0.555839565167508	0.847565298073998	"aligned_CRC_stronger"	0.00160036803787686	110	"weak_or_neutral"	FALSE	NA	NA	NA	NA	NA	NA	NA
"RAB5IF"	"ENSG00000101084"	"other_respiratory_or_linked"	85	59	0.0644230830800936	0.0875815580587117	-0.0231584749786181	-0.0660019940179462	0.502680458691364	0.818667598237839	"aligned_CRC_stronger"	0.00152850552700351	111	"weak_or_neutral"	FALSE	NA	NA	NA	NA	NA	NA	NA
"RANBP9"	"ENSG00000010017"	"other_respiratory_or_linked"	85	59	-0.0624208141257338	-0.0313132815584097	-0.0311075325673241	-0.0448654037886341	0.649125986811304	0.887285472775955	"aligned_CRC_stronger"	0.00139565200950108	112	"weak_or_neutral"	FALSE	NA	NA	NA	NA	NA	NA	NA
"ECSIT"	"ENSG00000130159"	"complex_I"	85	59	-0.586873732301621	-0.56785001485733	-0.0190237174442912	-0.0731804586241276	0.457239869413484	0.797419685980865	"aligned_CRC_stronger"	0.00139216436730905	113	"weak_or_neutral"	FALSE	NA	NA	NA	NA	NA	NA	NA
"L2HGDH"	"ENSG00000087299"	"other_respiratory_or_linked"	85	59	0.0177490355836445	0.045328452639173	-0.0275794170555285	-0.0436689930209372	0.657917749953324	0.888429621492332	"aligned_CRC_stronger"	0.00120436537091939	114	"weak_or_neutral"	FALSE	NA	NA	NA	NA	NA	NA	NA
"NDUFAF6"	"ENSG00000156170"	"complex_I"	85	59	-0.129711327660522	-0.0994787740501173	-0.0302325536104047	-0.0333000997008973	0.735988563989742	0.90999636808539	"aligned_CRC_stronger"	0.0010067470494392	115	"weak_or_neutral"	FALSE	NA	NA	NA	NA	NA	NA	NA
"ATP4A"	"ENSG00000105675"	"other_respiratory_or_linked"	85	59	0.142762691300372	0.157215951901729	-0.014453260601357	-0.0683948155533399	0.487273442821611	0.808496006185799	"aligned_CRC_stronger"	0.000988528092974167	116	"weak_or_neutral"	FALSE	NA	NA	NA	NA	NA	NA	NA
"ATP6V1B1"	"ENSG00000116039"	"other_respiratory_or_linked"	85	59	-0.0816722380475745	-0.0574212643782134	-0.0242509736693611	-0.0388833499501495	0.693549781312618	0.900912871401487	"aligned_CRC_stronger"	0.000942959095817629	117	"weak_or_neutral"	FALSE	NA	NA	NA	NA	NA	NA	NA
"SLC25A18"	"ENSG00000182902"	"mitochondrial_transport_proteostasis"	85	59	0.0814203949180144	0.104602076521987	-0.0231816816039725	-0.0396809571286142	0.687561183794231	0.898091018980069	"aligned_CRC_stronger"	0.000919871313896417	118	"weak_or_neutral"	FALSE	NA	NA	NA	NA	NA	NA	NA
"COA1"	"ENSG00000106603"	"other_respiratory_or_linked"	85	59	-0.14970178182013	-0.123316852761296	-0.026384929058834	-0.0293120638085743	0.766812129853942	0.922264674066241	"aligned_CRC_stronger"	0.000773396724157248	119	"weak_or_neutral"	FALSE	NA	NA	NA	NA	NA	NA	NA
"PM20D1"	"ENSG00000162877"	"other_respiratory_or_linked"	85	59	-0.0688957644402733	-0.060543632603813	-0.00835213183646031	-0.0903290129611166	0.358578018498635	0.729556429567829	"aligned_CRC_stronger"	0.000754439824908578	120	"weak_or_neutral"	FALSE	NA	NA	NA	NA	NA	NA	NA
"COX6C"	"ENSG00000164919"	"complex_IV"	85	59	-0.42387211576011	-0.407068666022764	-0.0168034497373462	-0.0444666001994017	0.65205122420208	0.888429621492332	"aligned_CRC_stronger"	0.000747192281441315	121	"weak_or_neutral"	FALSE	NA	NA	NA	NA	NA	NA	NA
"SDHA"	"ENSG00000073578"	"complex_II"	85	59	0.0574601043387865	0.0685858848532866	-0.0111257805145001	-0.0656031904287139	0.505273103675279	0.819110932708948	"aligned_CRC_stronger"	0.000729886697760825	122	"weak_or_neutral"	FALSE	NA	NA	NA	NA	NA	NA	NA
"RMND5B"	"ENSG00000145916"	"other_respiratory_or_linked"	85	59	-0.265220356164183	-0.246719329904647	-0.018501026259536	-0.0392821535393818	0.690553061341384	0.899502696138408	"aligned_CRC_stronger"	0.000726760154163228	123	"weak_or_neutral"	FALSE	NA	NA	NA	NA	NA	NA	NA
"HIGD2A"	"ENSG00000146066"	"other_respiratory_or_linked"	85	59	-0.354783330070075	-0.341015258619914	-0.0137680714501616	-0.0468594217347956	0.634581581963738	0.883657981985008	"aligned_CRC_stronger"	0.000645163866557921	124	"weak_or_neutral"	FALSE	NA	NA	NA	NA	NA	NA	NA
"SDHC"	"ENSG00000143252"	"complex_II"	85	59	-0.589446016342885	-0.567742296658183	-0.021703719684702	-0.0293120638085743	0.766812129853942	0.922264674066241	"aligned_CRC_stronger"	0.000636180816281395	125	"weak_or_neutral"	TRUE	"both_core_fitness_lists"	-1.08200618716888	0.961290322580645	-0.315163632537094	0.163096665640012	0.304378283712785	0.734785889174976
"COX11"	"ENSG00000166260"	"complex_IV"	85	59	-0.150370480029587	-0.155862480627601	0.00549200059801427	-0.0951146560319043	0.333631259101396	0.709522290728109	"aligned_CRC_stronger"	0.00052236974780714	126	"weak_or_neutral"	FALSE	NA	NA	NA	NA	NA	NA	NA
"ATP5MK"	"ENSG00000173915"	"complex_V_ATP_synthase"	85	59	-0.0211924206520054	0.00565496697871873	-0.0268473876307241	-0.0181455633100698	0.854952479584635	0.956571237062998	"aligned_CRC_stronger"	0.000487160971963289	127	"weak_or_neutral"	FALSE	NA	NA	NA	NA	NA	NA	NA
"COQ10B"	"ENSG00000115520"	"other_respiratory_or_linked"	85	59	-0.339642957823873	-0.318449026680642	-0.021193931143231	-0.0193419740777667	0.845400758169847	0.954964696428659	"aligned_CRC_stronger"	0.000409932466778346	128	"weak_or_neutral"	FALSE	NA	NA	NA	NA	NA	NA	NA
"COA3"	"ENSG00000183978"	"complex_IV"	85	59	-0.167527710955806	-0.164609537751623	-0.002918173204183	-0.125024925224327	0.203551736911653	0.586561331671947	"aligned_CRC_stronger"	0.000364844386644614	129	"weak_or_neutral"	FALSE	NA	NA	NA	NA	NA	NA	NA
"SLC25A11"	"ENSG00000108528"	"mitochondrial_transport_proteostasis"	85	59	0.0901594449031572	0.105315360319036	-0.0151559154158788	-0.0221335992023928	0.823203917674178	0.94809456097548	"aligned_CRC_stronger"	0.000335454957360428	130	"weak_or_neutral"	FALSE	NA	NA	NA	NA	NA	NA	NA
"LDHB"	"ENSG00000111716"	"other_respiratory_or_linked"	85	59	-0.0435091645560372	-0.0573854041353218	0.0138762395792846	-0.0217347956131605	0.826366685442171	0.949189278191677	"aligned_CRC_stronger"	0.000301597231134999	131	"weak_or_neutral"	FALSE	NA	NA	NA	NA	NA	NA	NA
"UQCC3"	"ENSG00000204922"	"other_respiratory_or_linked"	85	59	-0.179429519566358	-0.161532964447913	-0.0178965551184453	-0.0161515453639083	0.870918674986474	0.959982177268463	"aligned_CRC_stronger"	0.000289057021853255	132	"weak_or_neutral"	FALSE	NA	NA	NA	NA	NA	NA	NA
"ATP5MJ"	"ENSG00000156411"	"complex_V_ATP_synthase"	85	59	0.0619658646655758	0.0456200353812873	0.0163458292842885	-0.0153539381854436	0.877320291845313	0.961036657940715	"aligned_CRC_stronger"	0.00025097285242078	133	"weak_or_neutral"	FALSE	NA	NA	NA	NA	NA	NA	NA
"ARMC8"	"ENSG00000114098"	"other_respiratory_or_linked"	85	59	0.0123109738123496	0.0339367775273869	-0.0216258037150373	-0.0101694915254237	0.919108070892506	0.976049062476263	"aligned_CRC_stronger"	0.000219923427610548	134	"weak_or_neutral"	FALSE	NA	NA	NA	NA	NA	NA	NA
"COX17"	"ENSG00000138495"	"complex_IV"	85	59	-0.297299706443408	-0.316106534055494	0.018806827612086	-0.0113659022931206	0.909440589103397	0.97356339030629	"aligned_CRC_stronger"	0.000213756565082532	135	"weak_or_neutral"	FALSE	NA	NA	NA	NA	NA	NA	NA
"MAEA"	"ENSG00000090316"	"other_respiratory_or_linked"	85	59	-0.389793033344879	-0.396686064009323	0.00689303066444363	-0.0261216350947159	0.791742169677047	0.933171906163598	"aligned_CRC_stronger"	0.000180057231713284	136	"weak_or_neutral"	FALSE	NA	NA	NA	NA	NA	NA	NA
"SUCLG2"	"ENSG00000172340"	"other_respiratory_or_linked"	85	59	0.120650699032306	0.122712046195022	-0.00206134716271633	-0.0727816550348953	0.459702283561207	0.797419685980865	"aligned_CRC_stronger"	0.00015002825810398	137	"weak_or_neutral"	FALSE	NA	NA	NA	NA	NA	NA	NA
"PET100"	"ENSG00000229833"	"complex_IV"	85	59	-0.13521277726316	-0.139871809779858	0.00465903251669728	-0.0225324027916252	0.820044019197412	0.945998492734269	"aligned_CRC_stronger"	0.000104979197285502	138	"weak_or_neutral"	FALSE	NA	NA	NA	NA	NA	NA	NA
"PDP1"	"ENSG00000164951"	"other_respiratory_or_linked"	85	59	-0.00770983184219753	-0.0131910423855601	0.00548121054336253	-0.0121635094715853	0.90300295359424	0.971829398227947	"aligned_CRC_stronger"	6.66707563599433e-05	139	"weak_or_neutral"	FALSE	NA	NA	NA	NA	NA	NA	NA
"NUBPL"	"ENSG00000151413"	"complex_I"	85	59	0.0682087355242822	0.0652878436945197	0.00292089182976243	-0.0217347956131605	0.826366685442171	0.949189278191677	"aligned_CRC_stronger"	6.34849869280368e-05	140	"weak_or_neutral"	FALSE	NA	NA	NA	NA	NA	NA	NA
"NDUFV3"	"ENSG00000160194"	"complex_I"	85	59	0.0224459143828641	-0.00260933043355255	0.0250552448164166	-0.00219341974077769	0.983794913330319	0.99364693678284	"aligned_CRC_stronger"	5.49566685903461e-05	141	"weak_or_neutral"	FALSE	NA	NA	NA	NA	NA	NA	NA
"TRAP1"	"ENSG00000126602"	"other_respiratory_or_linked"	85	59	0.0342579099614103	0.0273238569745855	0.00693405298682481	-0.00737786640079763	0.941709624989996	0.976049062476263	"aligned_CRC_stronger"	5.11585165528452e-05	142	"weak_or_neutral"	FALSE	NA	NA	NA	NA	NA	NA	NA
"PDK2"	"ENSG00000005882"	"other_respiratory_or_linked"	85	59	-0.0569375306860355	-0.0580476561887586	0.0011101255027231	-0.0416749750747757	0.672675875739269	0.891848203327557	"aligned_CRC_stronger"	4.6264452655858e-05	143	"weak_or_neutral"	FALSE	NA	NA	NA	NA	NA	NA	NA
"UQCC2"	"ENSG00000137288"	"other_respiratory_or_linked"	85	59	-0.22127950671809	-0.211472672071833	-0.00980683464625617	-0.00418743768693919	0.967596510548627	0.990033531083088	"aligned_CRC_stronger"	4.10655089873141e-05	144	"weak_or_neutral"	FALSE	NA	NA	NA	NA	NA	NA	NA
"ISCA1"	"ENSG00000135070"	"other_respiratory_or_linked"	85	59	-0.326376781231779	-0.328013106116562	0.00163632488478299	-0.0213359920239282	0.829532272867231	0.949189278191677	"aligned_CRC_stronger"	3.49126146902851e-05	145	"weak_or_neutral"	FALSE	NA	NA	NA	NA	NA	NA	NA
"UQCC6"	"ENSG00000204954"	"other_respiratory_or_linked"	85	59	0.034209707328216	0.0309927394421494	0.00321696788606661	-0.00857427716849457	0.932016424251737	0.976049062476263	"aligned_CRC_stronger"	2.75831742972812e-05	146	"weak_or_neutral"	FALSE	NA	NA	NA	NA	NA	NA	NA
"PC"	"ENSG00000173599"	"other_respiratory_or_linked"	85	59	-0.0399494369024453	-0.0397474972597133	-0.000201939642732005	-0.107477567298106	0.274500687026979	0.655829052592376	"aligned_CRC_stronger"	2.17039815418846e-05	147	"weak_or_neutral"	FALSE	NA	NA	NA	NA	NA	NA	NA
"ATP6V1E2"	"ENSG00000250565"	"other_respiratory_or_linked"	85	59	-0.152645783822885	-0.151337357997012	-0.00130842582587301	-0.0145563310069791	0.883729942403112	0.964317371463056	"aligned_CRC_stronger"	1.90458794194875e-05	148	"weak_or_neutral"	FALSE	NA	NA	NA	NA	NA	NA	NA
"CYCS"	"ENSG00000172115"	"other_respiratory_or_linked"	85	59	-0.204292262168221	-0.205096185567402	0.000803923399181394	-0.00777666999002991	0.938477527176921	0.976049062476263	"aligned_CRC_stronger"	6.25184697269678e-06	149	"weak_or_neutral"	FALSE	NA	NA	NA	NA	NA	NA	NA
"TMEM177"	"ENSG00000144120"	"other_respiratory_or_linked"	85	59	0.0344642750011451	0.0206490706842549	0.0138152043168902	-0.000199401794616194	1	1	"aligned_CRC_stronger"	2.7547765337773e-06	150	"weak_or_neutral"	FALSE	NA	NA	NA	NA	NA	NA	NA
"SDHB"	"ENSG00000117118"	"complex_II"	85	59	-0.30406484272615	-0.304214941765078	0.000150099038928264	-0.0137587238285145	0.89014721313331	0.967581112351219	"aligned_CRC_stronger"	2.06517122353943e-06	151	"weak_or_neutral"	FALSE	NA	NA	NA	NA	NA	NA	NA
"ACAT1"	"ENSG00000075239"	"other_respiratory_or_linked"	85	59	-0.0865768875887853	-0.182200349262478	0.0956234616736927	0.194017946161515	0.0483505975174415	0.294271740063049	"opposing_ESCA_stronger"	0	152	"weak_or_neutral"	FALSE	NA	NA	NA	NA	NA	NA	NA
"ACO2"	"ENSG00000100412"	"other_respiratory_or_linked"	85	59	-0.0572922717366393	-0.110348837397019	0.0530565656603801	0.109072781655035	0.267427698858291	0.644382100320659	"opposing_ESCA_stronger"	0	152	"weak_or_neutral"	FALSE	NA	NA	NA	NA	NA	NA	NA
"ADHFE1"	"ENSG00000147576"	"other_respiratory_or_linked"	85	59	-0.175560653272214	-0.220203456579708	0.044642803307494	0.0707876370887337	0.472125078740436	0.799329270001792	"opposing_ESCA_stronger"	0	152	"weak_or_neutral"	FALSE	NA	NA	NA	NA	NA	NA	NA
"ATP12A"	"ENSG00000075673"	"other_respiratory_or_linked"	85	59	-0.112321896196092	-0.144636041362403	0.032314145166311	0.105882352941177	0.281700384738547	0.658544608031173	"opposing_ESCA_stronger"	0	152	"weak_or_neutral"	FALSE	NA	NA	NA	NA	NA	NA	NA
"ATP5MC3"	"ENSG00000154518"	"complex_V_ATP_synthase"	85	59	-0.0736804367860489	-0.100557273062918	0.0268768362768689	0.0707876370887337	0.472125078740436	0.799329270001792	"opposing_ESCA_stronger"	0	152	"weak_or_neutral"	FALSE	NA	NA	NA	NA	NA	NA	NA
"ATP5PF"	"ENSG00000154723"	"complex_V_ATP_synthase"	85	59	-0.22173470692255	-0.234411827884389	0.0126771209618394	0.00737786640079752	0.941709624989996	0.976049062476263	"opposing_ESCA_stronger"	0	152	"weak_or_neutral"	FALSE	NA	NA	NA	NA	NA	NA	NA
"ATP5PO"	"ENSG00000241837"	"complex_V_ATP_synthase"	85	59	-0.662234138106638	-0.666863349671054	0.00462921156441642	0.0348953140578265	0.723774031377817	0.905198345709015	"opposing_ESCA_stronger"	0	152	"weak_or_neutral"	TRUE	"not_flagged"	-0.442465427265678	0.590322580645161	-0.161738398400505	0.588331662603415	-0.0619964973730298	0.921628560162777
"ATP6AP1"	"ENSG00000071553"	"other_respiratory_or_linked"	85	59	-0.571786500298019	-0.60921989185423	0.0374333915562103	0.0572283150548354	0.561302610624557	0.851298911065385	"opposing_ESCA_stronger"	0	152	"weak_or_neutral"	TRUE	"both_core_fitness_lists"	-1.05652173508591	0.883870967741936	-0.332421340629275	0.139638772352872	0.673555166374781	0.660496654729209
"ATP6V0A1"	"ENSG00000033627"	"other_respiratory_or_linked"	85	59	-0.0971199167163569	-0.0921803372365736	-0.0049395794797833	0.036889332003988	0.708604550370535	0.902208859443819	"opposing_ESCA_stronger"	0	152	"weak_or_neutral"	FALSE	NA	NA	NA	NA	NA	NA	NA
"ATP6V0A2"	"ENSG00000185344"	"other_respiratory_or_linked"	85	59	-0.1175060911177	-0.110168788108378	-0.00733730300932187	0.0596211365902293	0.544991951647273	0.839180627836368	"opposing_ESCA_stronger"	0	152	"weak_or_neutral"	FALSE	NA	NA	NA	NA	NA	NA	NA
"ATP6V0B"	"ENSG00000117410"	"other_respiratory_or_linked"	85	59	-0.755386673207104	-0.859322349796079	0.103935676588975	0.222731804586241	0.0234049509140957	0.21049548210639	"opposing_ESCA_stronger"	0	152	"opposing_gene"	TRUE	"both_core_fitness_lists"	-1.0699548590091	0.896774193548387	-0.209933705145744	0.449589733660393	-0.0851138353765324	0.906420429566982
"ATP6V0C"	"ENSG00000185883"	"other_respiratory_or_linked"	85	59	-1.40005628690722	-1.34136071997713	-0.0586955669300899	0.0544366899302093	0.580625196568257	0.859373980664968	"opposing_ESCA_stronger"	0	152	"weak_or_neutral"	FALSE	NA	NA	NA	NA	NA	NA	NA
"ATP6V0D1"	"ENSG00000159720"	"other_respiratory_or_linked"	85	59	-0.729192060003611	-0.807392491272755	0.078200431269144	0.172482552342971	0.0792746679250341	0.371879837575243	"opposing_ESCA_stronger"	0	152	"weak_or_neutral"	TRUE	"both_core_fitness_lists"	-1.45040557061865	0.963440860215054	-0.0240976533726192	0.927474630776748	0.168476357267951	0.886893903226295
"ATP6V0E1"	"ENSG00000113732"	"other_respiratory_or_linked"	85	59	0.0553737759408231	-0.0188514922210317	0.0742252681618548	0.195214356929212	0.0469821747150353	0.292479150686892	"opposing_ESCA_stronger"	0	152	"weak_or_neutral"	FALSE	NA	NA	NA	NA	NA	NA	NA
"ATP6V1B2"	"ENSG00000147416"	"other_respiratory_or_linked"	85	59	-1.3043836890903	-1.28608800367286	-0.0182956854174399	0.0201395812562313	0.839045454697	0.953123235745908	"opposing_ESCA_stronger"	0	152	"weak_or_neutral"	FALSE	NA	NA	NA	NA	NA	NA	NA
"ATP6V1C1"	"ENSG00000155097"	"other_respiratory_or_linked"	85	59	-0.181364508075638	-0.167798317992939	-0.0135661900826995	0.0376869391824526	0.702568577700588	0.902208859443819	"opposing_ESCA_stronger"	0	152	"weak_or_neutral"	TRUE	"both_core_fitness_lists"	-1.04208647887105	0.881720430107527	0.110175733978743	0.777165355664355	0.3569176882662	0.728560839918635
"ATP6V1D"	"ENSG00000100554"	"other_respiratory_or_linked"	85	59	-0.614173358576595	-0.736918732715477	0.122745374138882	0.192821535393819	0.0497523437563085	0.296414807527036	"opposing_ESCA_stronger"	0	152	"weak_or_neutral"	TRUE	"both_core_fitness_lists"	-1.1464569749358	0.921505376344086	0.0598758286856782	0.841560062820988	0.629422066549912	0.660496654729209
"ATP6V1E1"	"ENSG00000131100"	"other_respiratory_or_linked"	85	59	-1.06382829970624	-1.10006493152902	0.0362366318227825	0.0879361914257228	0.371480138929651	0.740861520012241	"opposing_ESCA_stronger"	0	152	"weak_or_neutral"	FALSE	NA	NA	NA	NA	NA	NA	NA
"ATP6V1G1"	"ENSG00000136888"	"other_respiratory_or_linked"	85	59	-0.746397558182265	-0.800746981273757	0.054349423091492	0.200797607178465	0.0410194899464877	0.268145925020559	"opposing_ESCA_stronger"	0	152	"opposing_gene"	TRUE	"both_core_fitness_lists"	-1.49448084825368	0.952688172043011	-0.0605072082500263	0.841560062820988	0.404553415061296	0.669787153761567
"ATP6V1G2"	"ENSG00000213760"	"other_respiratory_or_linked"	85	59	-0.0232933606489141	-0.0705128909903952	0.0472195303414812	0.120638085742772	0.219893173692482	0.609998352168536	"opposing_ESCA_stronger"	0	152	"weak_or_neutral"	FALSE	NA	NA	NA	NA	NA	NA	NA
"ATP6V1G3"	"ENSG00000151418"	"other_respiratory_or_linked"	85	59	0.126695798781952	0.115743857943973	0.010951940837979	0.126620139581256	0.197834182643428	0.57834754843172	"opposing_ESCA_stronger"	0	152	"weak_or_neutral"	FALSE	NA	NA	NA	NA	NA	NA	NA
"ATP6V1H"	"ENSG00000047249"	"other_respiratory_or_linked"	85	59	-0.884985530952065	-0.973542420900594	0.0885568899485291	0.183649052841476	0.0616709137617948	0.326139813601701	"opposing_ESCA_stronger"	0	152	"weak_or_neutral"	TRUE	"both_core_fitness_lists"	-1.04193624933925	0.903225806451613	0.0238871935178364	0.927474630776748	0.328196147110333	0.728560839918635
"BCS1L"	"ENSG00000074582"	"complex_III"	85	59	-0.424430416567865	-0.496586067809476	0.0721556512416105	0.117846460618146	0.230770600118796	0.615545123088907	"opposing_ESCA_stronger"	0	152	"weak_or_neutral"	FALSE	NA	NA	NA	NA	NA	NA	NA
"COQ10A"	"ENSG00000135469"	"other_respiratory_or_linked"	85	59	-0.133425292243044	-0.130951909530443	-0.002473382712601	0.046061814556331	0.640382836256257	0.887285472775955	"opposing_ESCA_stronger"	0	152	"weak_or_neutral"	FALSE	NA	NA	NA	NA	NA	NA	NA
"COX10"	"ENSG00000006695"	"complex_IV"	85	59	-0.316800326697542	-0.295694373889045	-0.0211059528084977	0.050049850448654	0.611603065443353	0.867923144126647	"opposing_ESCA_stronger"	0	152	"weak_or_neutral"	FALSE	NA	NA	NA	NA	NA	NA	NA
"COX14"	"ENSG00000178449"	"complex_IV"	85	59	-0.1091090868743	-0.130567028554659	0.021457941680359	0.0281156530408773	0.7761341645656	0.923253108986207	"opposing_ESCA_stronger"	0	152	"weak_or_neutral"	FALSE	NA	NA	NA	NA	NA	NA	NA
"COX19"	"ENSG00000240230"	"complex_IV"	85	59	-0.0276515817859443	-0.086477465954848	0.0588258841689036	0.103888334995015	0.290878696989313	0.668926254314185	"opposing_ESCA_stronger"	0	152	"weak_or_neutral"	FALSE	NA	NA	NA	NA	NA	NA	NA
"COX6A2"	"ENSG00000156885"	"complex_IV"	85	59	-0.0906468482718691	-0.119798785964286	0.029151937692417	0.0564307078763708	0.566791500455644	0.853208527338346	"opposing_ESCA_stronger"	0	152	"weak_or_neutral"	FALSE	NA	NA	NA	NA	NA	NA	NA
"COX6B2"	"ENSG00000160471"	"complex_IV"	85	59	-0.0516528114790758	-0.102025881930684	0.0503730704516084	0.110667996011964	0.260481024605199	0.637433633869223	"opposing_ESCA_stronger"	0	152	"weak_or_neutral"	FALSE	NA	NA	NA	NA	NA	NA	NA
"COX7A1"	"ENSG00000161281"	"complex_IV"	85	59	0.0403685402792993	0.0142036178779943	0.0261649224013049	0.0161515453639083	0.870918674986474	0.959982177268463	"opposing_ESCA_stronger"	0	152	"weak_or_neutral"	FALSE	NA	NA	NA	NA	NA	NA	NA
"COX7A2L"	"ENSG00000115944"	"complex_IV"	85	59	0.0100145858596591	0.00122150909036713	0.00879307676929194	0.0125623130608175	0.899786498795367	0.971829398227947	"opposing_ESCA_stronger"	0	152	"weak_or_neutral"	FALSE	NA	NA	NA	NA	NA	NA	NA
"COX8A"	"ENSG00000176340"	"complex_IV"	85	59	-0.000135413010707536	-0.0631204358709578	0.0629850228602503	0.0963110667996012	0.327573849031179	0.706159198216831	"opposing_ESCA_stronger"	0	152	"weak_or_neutral"	FALSE	NA	NA	NA	NA	NA	NA	NA
"COX8C"	"ENSG00000187581"	"complex_IV"	85	59	0.144402167214341	0.133862484252598	0.010539682961743	0.0396809571286141	0.687561183794231	0.898091018980069	"opposing_ESCA_stronger"	0	152	"weak_or_neutral"	FALSE	NA	NA	NA	NA	NA	NA	NA
"CSKMT"	"ENSG00000214756"	"other_respiratory_or_linked"	85	59	-0.00981580439657893	-0.0574788320380992	0.0476630276415203	0.119441674975075	0.224509015090506	0.612669534644217	"opposing_ESCA_stronger"	0	152	"weak_or_neutral"	FALSE	NA	NA	NA	NA	NA	NA	NA
"CYC1"	"ENSG00000179091"	"complex_III"	85	59	-0.446136783564068	-0.436810361363043	-0.00932642220102448	0.00299102691924236	0.977314376042358	0.99364693678284	"opposing_ESCA_stronger"	0	152	"weak_or_neutral"	FALSE	NA	NA	NA	NA	NA	NA	NA
"DLAT"	"ENSG00000150768"	"other_respiratory_or_linked"	85	59	0.00677189316547762	0.00949274091173863	-0.00272084774626101	0.0440677966101695	0.654981824788289	0.888429621492332	"opposing_ESCA_stronger"	0	152	"weak_or_neutral"	FALSE	NA	NA	NA	NA	NA	NA	NA
"DMAC1"	"ENSG00000137038"	"other_respiratory_or_linked"	85	59	-0.48814178889827	-0.523196049182097	0.035054260283827	0.177666999002991	0.070650089389712	0.347588593095029	"opposing_ESCA_stronger"	0	152	"weak_or_neutral"	FALSE	NA	NA	NA	NA	NA	NA	NA
"DMAC2L"	"ENSG00000125375"	"other_respiratory_or_linked"	85	59	-0.0704530574837871	-0.0787506813505103	0.00829762386672322	0.0496510468594218	0.614455181713969	0.868173460074094	"opposing_ESCA_stronger"	0	152	"weak_or_neutral"	FALSE	NA	NA	NA	NA	NA	NA	NA
"ETFA"	"ENSG00000140374"	"other_respiratory_or_linked"	85	59	0.0751770997017057	0.067639277167612	0.00753782253409371	0.111465603190429	0.257054915383487	0.633440733894387	"opposing_ESCA_stronger"	0	152	"weak_or_neutral"	FALSE	NA	NA	NA	NA	NA	NA	NA
"ETFB"	"ENSG00000105379"	"other_respiratory_or_linked"	85	59	-0.0866714967296563	-0.0822155241211846	-0.00445597260847169	0.0743768693918245	0.449897248863949	0.796058791222927	"opposing_ESCA_stronger"	0	152	"weak_or_neutral"	FALSE	NA	NA	NA	NA	NA	NA	NA
"ETFDH"	"ENSG00000171503"	"other_respiratory_or_linked"	85	59	0.068079886626525	0.0543429541495514	0.0137369324769736	0.0233300099700897	0.813733027953464	0.943342393653769	"opposing_ESCA_stronger"	0	152	"weak_or_neutral"	FALSE	NA	NA	NA	NA	NA	NA	NA
"FAHD1"	"ENSG00000180185"	"other_respiratory_or_linked"	85	59	0.0241142487989246	-0.0154353049571157	0.0395495537560403	0.0281156530408773	0.7761341645656	0.923253108986207	"opposing_ESCA_stronger"	0	152	"weak_or_neutral"	FALSE	NA	NA	NA	NA	NA	NA	NA
"FH"	"ENSG00000091483"	"other_respiratory_or_linked"	85	59	-0.185556405027913	-0.224016416927044	0.038460011899131	0.0640079760717847	0.515713703718306	0.823282144169464	"opposing_ESCA_stronger"	0	152	"weak_or_neutral"	FALSE	NA	NA	NA	NA	NA	NA	NA
"GID4"	"ENSG00000141034"	"other_respiratory_or_linked"	85	59	-0.168522664004878	-0.178732524460944	0.010209860456066	0.00139581256231303	0.990276520132999	0.995210282155013	"opposing_ESCA_stronger"	0	152	"weak_or_neutral"	FALSE	NA	NA	NA	NA	NA	NA	NA
"GID8"	"ENSG00000101193"	"other_respiratory_or_linked"	85	59	-0.285224802573652	-0.333277028289279	0.048052225715627	0.110269192422732	0.262205875107409	0.638335682158036	"opposing_ESCA_stronger"	0	152	"weak_or_neutral"	FALSE	NA	NA	NA	NA	NA	NA	NA
"GLO1"	"ENSG00000124767"	"other_respiratory_or_linked"	85	59	-0.0212577667104694	-0.0378648649004025	0.0166070981899331	0.0133599202392822	0.89335857642415	0.968834339409293	"opposing_ESCA_stronger"	0	152	"weak_or_neutral"	FALSE	NA	NA	NA	NA	NA	NA	NA
"GOT1"	"ENSG00000120053"	"other_respiratory_or_linked"	85	59	0.0357258573640597	0.0103663983799147	0.025359458984145	0.046061814556331	0.640382836256257	0.887285472775955	"opposing_ESCA_stronger"	0	152	"weak_or_neutral"	FALSE	NA	NA	NA	NA	NA	NA	NA
"GSTZ1"	"ENSG00000100577"	"other_respiratory_or_linked"	85	59	-0.0358417238128224	-0.038908633939461	0.0030669101266385	0.0991026919242273	0.313719317296417	0.691063457133449	"opposing_ESCA_stronger"	0	152	"weak_or_neutral"	FALSE	NA	NA	NA	NA	NA	NA	NA
"HIGD1A"	"ENSG00000181061"	"other_respiratory_or_linked"	85	59	0.018828018595802	-0.0214444306864687	0.0402724492822707	0.133000997008973	0.176137657083488	0.552680826226412	"opposing_ESCA_stronger"	0	152	"weak_or_neutral"	FALSE	NA	NA	NA	NA	NA	NA	NA
"HIGD1C"	"ENSG00000214511"	"other_respiratory_or_linked"	85	59	-0.196893810653861	-0.271355894154788	0.0744620835009276	0.192422731804586	0.0502271009860391	0.29708040299918	"opposing_ESCA_stronger"	0	152	"weak_or_neutral"	FALSE	NA	NA	NA	NA	NA	NA	NA
"IDH2"	"ENSG00000182054"	"other_respiratory_or_linked"	85	59	-0.0362741565816162	-0.0768985398959894	0.0406243833143732	0.0971086739780658	0.323575485398233	0.703988575319423	"opposing_ESCA_stronger"	0	152	"weak_or_neutral"	FALSE	NA	NA	NA	NA	NA	NA	NA
"IDH3A"	"ENSG00000166411"	"other_respiratory_or_linked"	85	59	-0.00898510038239057	-0.0149555151793605	0.00597041479696998	0.112662013958126	0.251974612582093	0.628600976971582	"opposing_ESCA_stronger"	0	152	"weak_or_neutral"	FALSE	NA	NA	NA	NA	NA	NA	NA
"IDH3G"	"ENSG00000067829"	"other_respiratory_or_linked"	85	59	-0.152489738822192	-0.141551764705593	-0.010937974116599	0.00857427716849446	0.932016424251737	0.976049062476263	"opposing_ESCA_stronger"	0	152	"weak_or_neutral"	FALSE	NA	NA	NA	NA	NA	NA	NA
"LDHAL6A"	"ENSG00000166800"	"other_respiratory_or_linked"	85	59	-0.00818767281729362	-0.0128202502643002	0.0046325774470066	0.00658025922233296	0.948176648143464	0.977958675806114	"opposing_ESCA_stronger"	0	152	"weak_or_neutral"	FALSE	NA	NA	NA	NA	NA	NA	NA
"LDHAL6B"	"ENSG00000171989"	"other_respiratory_or_linked"	85	59	0.0665396367823398	0.043285731463325	0.0232539053190148	0.0931206380857428	0.34388644922608	0.717234366775813	"opposing_ESCA_stronger"	0	152	"weak_or_neutral"	FALSE	NA	NA	NA	NA	NA	NA	NA
"LDHC"	"ENSG00000166796"	"other_respiratory_or_linked"	85	59	0.0289869106186345	-0.0226673955978298	0.0516543062164642	0.100697906281157	0.305978119421983	0.68360934275924	"opposing_ESCA_stronger"	0	152	"weak_or_neutral"	FALSE	NA	NA	NA	NA	NA	NA	NA
"LETM1"	"ENSG00000168924"	"other_respiratory_or_linked"	85	59	-0.627514468271439	-0.689399095789025	0.0618846275175859	0.0675972083748755	0.492380609217392	0.81125019861722	"opposing_ESCA_stronger"	0	152	"weak_or_neutral"	FALSE	NA	NA	NA	NA	NA	NA	NA
"LYRM7"	"ENSG00000186687"	"other_respiratory_or_linked"	85	59	-0.0874516743413862	-0.111964183326436	0.0245125089850493	0.00897308075772685	0.928787525057336	0.976049062476263	"opposing_ESCA_stronger"	0	152	"weak_or_neutral"	FALSE	NA	NA	NA	NA	NA	NA	NA
"ME1"	"ENSG00000065833"	"other_respiratory_or_linked"	85	59	-0.0807691457722888	-0.101144185232397	0.020375039460108	0.0548354935194417	0.577845841717284	0.858861398426111	"opposing_ESCA_stronger"	0	152	"weak_or_neutral"	FALSE	NA	NA	NA	NA	NA	NA	NA
"ME2"	"ENSG00000082212"	"other_respiratory_or_linked"	85	59	0.188802790052804	0.128353713572138	0.060449076480666	0.0739780658025921	0.452337334213608	0.796384433802513	"opposing_ESCA_stronger"	0	152	"weak_or_neutral"	FALSE	NA	NA	NA	NA	NA	NA	NA
"ME3"	"ENSG00000151376"	"other_respiratory_or_linked"	85	59	-0.0469521247449015	-0.107731338883189	0.0607792141382872	0.0787637088733799	0.423553481090049	0.779736004301368	"opposing_ESCA_stronger"	0	152	"weak_or_neutral"	FALSE	NA	NA	NA	NA	NA	NA	NA
"MKLN1"	"ENSG00000128585"	"other_respiratory_or_linked"	85	59	-0.273406387519516	-0.35203862507784	0.078632237558324	0.136989032901296	0.16350907937147	0.53074671281038	"opposing_ESCA_stronger"	0	152	"weak_or_neutral"	FALSE	NA	NA	NA	NA	NA	NA	NA
"MPC1"	"ENSG00000060762"	"other_respiratory_or_linked"	85	59	0.190242390913551	0.220408076569894	-0.0301656856563427	0.032901296111665	0.739052793978234	0.91059558909011	"opposing_ESCA_stronger"	0	152	"weak_or_neutral"	FALSE	NA	NA	NA	NA	NA	NA	NA
"MPC2"	"ENSG00000143158"	"other_respiratory_or_linked"	85	59	-0.0767027617513873	-0.0582652119282687	-0.0184375498231186	0.0129611166500498	0.896571689011162	0.969340907261684	"opposing_ESCA_stronger"	0	152	"weak_or_neutral"	FALSE	NA	NA	NA	NA	NA	NA	NA
"NDUFA12"	"ENSG00000184752"	"complex_I"	85	59	-0.000158118052566339	-0.0311220307085511	0.0309639126559848	0.0193419740777667	0.845400758169847	0.954964696428659	"opposing_ESCA_stronger"	0	152	"weak_or_neutral"	FALSE	NA	NA	NA	NA	NA	NA	NA
"NDUFAF2"	"ENSG00000164182"	"complex_I"	85	59	-0.0239619561108647	-0.00168340789770495	-0.0222785482131597	0.010568295114656	0.915884176504164	0.976049062476263	"opposing_ESCA_stronger"	0	152	"weak_or_neutral"	FALSE	NA	NA	NA	NA	NA	NA	NA
"NDUFB6"	"ENSG00000165264"	"complex_I"	85	59	-0.335188919969083	-0.392864613146755	0.057675693177672	0.0648055832502492	0.510479448069545	0.823282144169464	"opposing_ESCA_stronger"	0	152	"weak_or_neutral"	FALSE	NA	NA	NA	NA	NA	NA	NA
"NDUFS6"	"ENSG00000145494"	"complex_I"	85	59	0.106576661016199	0.104106445471043	0.002470215545156	0.0963110667996012	0.327573849031179	0.706159198216831	"opposing_ESCA_stronger"	0	152	"weak_or_neutral"	FALSE	NA	NA	NA	NA	NA	NA	NA
"NDUFV1"	"ENSG00000167792"	"complex_I"	85	59	-0.263853905177363	-0.285844881888787	0.021990976711424	0.0400797607178465	0.684574190138604	0.898091018980069	"opposing_ESCA_stronger"	0	152	"weak_or_neutral"	FALSE	NA	NA	NA	NA	NA	NA	NA
"NEK1"	"ENSG00000137601"	"other_respiratory_or_linked"	85	59	-0.117637940287279	-0.188736909288038	0.071098969000759	0.0667996011964107	0.497516341543643	0.81307068780049	"opposing_ESCA_stronger"	0	152	"weak_or_neutral"	FALSE	NA	NA	NA	NA	NA	NA	NA
"NNT"	"ENSG00000112992"	"other_respiratory_or_linked"	85	59	-0.268130124453245	-0.2768467825751	0.00871665812185507	0.030109670987039	0.760616044878154	0.921879704178501	"opposing_ESCA_stronger"	0	152	"weak_or_neutral"	FALSE	NA	NA	NA	NA	NA	NA	NA
"OXA1L"	"ENSG00000155463"	"other_respiratory_or_linked"	85	59	-0.0832693454158313	-0.106020516060774	0.0227511706449425	0.0823529411764705	0.402686905000396	0.767333211687665	"opposing_ESCA_stronger"	0	152	"weak_or_neutral"	FALSE	NA	NA	NA	NA	NA	NA	NA
"PDHA2"	"ENSG00000163114"	"other_respiratory_or_linked"	85	59	-0.130388418158583	-0.201241384219893	0.0708529660613103	0.23629112662014	0.01617791203702	0.173054634820244	"opposing_ESCA_stronger"	0	152	"opposing_gene"	FALSE	NA	NA	NA	NA	NA	NA	NA
"PDHX"	"ENSG00000110435"	"other_respiratory_or_linked"	85	59	0.093832721176065	0.0658212257348908	0.0280114954411742	0.117048853439681	0.233947518129483	0.617055914628925	"opposing_ESCA_stronger"	0	152	"weak_or_neutral"	FALSE	NA	NA	NA	NA	NA	NA	NA
"PDK1"	"ENSG00000152256"	"other_respiratory_or_linked"	85	59	-0.0561057133818967	-0.111857873142342	0.0557521597604456	0.136989032901296	0.16350907937147	0.53074671281038	"opposing_ESCA_stronger"	0	152	"weak_or_neutral"	FALSE	NA	NA	NA	NA	NA	NA	NA
"PDK3"	"ENSG00000067992"	"other_respiratory_or_linked"	85	59	-0.0795623068574763	-0.0605626747567445	-0.0189996321007318	0.036889332003988	0.708604550370535	0.902208859443819	"opposing_ESCA_stronger"	0	152	"weak_or_neutral"	FALSE	NA	NA	NA	NA	NA	NA	NA
"PKLR"	"ENSG00000143627"	"other_respiratory_or_linked"	85	59	-0.108505141949536	-0.177562980744626	0.06905783879509	0.23629112662014	0.01617791203702	0.173054634820244	"opposing_ESCA_stronger"	0	152	"opposing_gene"	FALSE	NA	NA	NA	NA	NA	NA	NA
"PNKD"	"ENSG00000127838"	"other_respiratory_or_linked"	85	59	-1.06431677191696e-05	0.000936040553025895	-0.000946683720745065	0.0396809571286141	0.687561183794231	0.898091018980069	"opposing_ESCA_stronger"	0	152	"weak_or_neutral"	FALSE	NA	NA	NA	NA	NA	NA	NA
"PPA2"	"ENSG00000138777"	"other_respiratory_or_linked"	85	59	-0.478393682032214	-0.505713679522693	0.0273199974904795	0.0177467597208374	0.858141188501487	0.95710533820229	"opposing_ESCA_stronger"	0	152	"weak_or_neutral"	FALSE	NA	NA	NA	NA	NA	NA	NA
"SDHAF1"	"ENSG00000205138"	"complex_II"	85	59	0.0731515049060169	0.0587352437770163	0.0144162611290006	0.0113659022931207	0.909440589103397	0.97356339030629	"opposing_ESCA_stronger"	0	152	"weak_or_neutral"	FALSE	NA	NA	NA	NA	NA	NA	NA
"SDHAF2"	"ENSG00000167985"	"complex_II"	85	59	-0.163077072715902	-0.206459779870396	0.043382707154494	0.147357926221336	0.133877315360948	0.478569036176352	"opposing_ESCA_stronger"	0	152	"weak_or_neutral"	FALSE	NA	NA	NA	NA	NA	NA	NA
"SDHAF4"	"ENSG00000154079"	"complex_II"	85	59	-0.252782944460161	-0.471099964470744	0.218317020010583	0.285742771684945	0.0036304967894355	0.0753861980394547	"opposing_ESCA_stronger"	0	152	"opposing_gene"	TRUE	"not_flagged"	0.169567032146688	0.032258064516129	0.0457750184152372	0.852443378612795	0.180385288966725	0.886893903226295
"SFXN4"	"ENSG00000183605"	"other_respiratory_or_linked"	85	59	0.00405245896187386	0.00106220187655096	0.0029902570853229	0.0061814556331008	0.951411467273616	0.979149410925908	"opposing_ESCA_stronger"	0	152	"weak_or_neutral"	FALSE	NA	NA	NA	NA	NA	NA	NA
"SIRT3"	"ENSG00000142082"	"other_respiratory_or_linked"	85	59	0.080935748765966	0.0527604882434381	0.0281752605225279	0.034097706879362	0.72987273114439	0.908000261124122	"opposing_ESCA_stronger"	0	152	"weak_or_neutral"	FALSE	NA	NA	NA	NA	NA	NA	NA
"SLC25A12"	"ENSG00000115840"	"mitochondrial_transport_proteostasis"	85	59	0.0519231750321972	-0.0136275824970363	0.0655507575292335	0.134995014955135	0.169735328156417	0.541007411640769	"opposing_ESCA_stronger"	0	152	"weak_or_neutral"	FALSE	NA	NA	NA	NA	NA	NA	NA
"SLC25A13"	"ENSG00000004864"	"mitochondrial_transport_proteostasis"	85	59	-0.0554108065086543	-0.101420851752011	0.046010045243357	0.0807577268195414	0.411883826452936	0.772350548408428	"opposing_ESCA_stronger"	0	152	"weak_or_neutral"	FALSE	NA	NA	NA	NA	NA	NA	NA
"SLC25A27"	"ENSG00000153291"	"mitochondrial_transport_proteostasis"	85	59	-0.207412129071806	-0.197725841518237	-0.00968628755356901	0.0129611166500498	0.896571689011162	0.969340907261684	"opposing_ESCA_stronger"	0	152	"weak_or_neutral"	FALSE	NA	NA	NA	NA	NA	NA	NA
"SUCLG1"	"ENSG00000163541"	"other_respiratory_or_linked"	85	59	-0.0148697919778232	-0.060860395754363	0.0459906037765398	0.0121635094715853	0.90300295359424	0.971829398227947	"opposing_ESCA_stronger"	0	152	"weak_or_neutral"	FALSE	NA	NA	NA	NA	NA	NA	NA
"TCIRG1"	"ENSG00000110719"	"other_respiratory_or_linked"	85	59	-0.0277257940920105	-0.0304236304394989	0.00269783634748837	0.0971086739780658	0.323575485398233	0.703988575319423	"opposing_ESCA_stronger"	0	152	"weak_or_neutral"	FALSE	NA	NA	NA	NA	NA	NA	NA
"TMEM186"	"ENSG00000184857"	"other_respiratory_or_linked"	85	59	-0.0267326716893441	-0.0480109883050065	0.0212783166156624	0.0556331006979063	0.572305992908955	0.853322135150416	"opposing_ESCA_stronger"	0	152	"weak_or_neutral"	FALSE	NA	NA	NA	NA	NA	NA	NA
"TTC19"	"ENSG00000011295"	"complex_III"	85	59	-0.0123480768091153	-0.0539486813410241	0.0416006045319089	0.0640079760717847	0.515713703718306	0.823282144169464	"opposing_ESCA_stronger"	0	152	"weak_or_neutral"	FALSE	NA	NA	NA	NA	NA	NA	NA
"UCP1"	"ENSG00000109424"	"other_respiratory_or_linked"	85	59	-0.157756719696327	-0.127851780360759	-0.029904939335568	0.00777666999002991	0.938477527176921	0.976049062476263	"opposing_ESCA_stronger"	0	152	"weak_or_neutral"	FALSE	NA	NA	NA	NA	NA	NA	NA
"UQCC1"	"ENSG00000101019"	"other_respiratory_or_linked"	85	59	-0.2578357556358	-0.269858760249962	0.0120230046141626	0.0157527417746759	0.874118453418828	0.960509927025202	"opposing_ESCA_stronger"	0	152	"weak_or_neutral"	FALSE	NA	NA	NA	NA	NA	NA	NA
"UQCC5"	"ENSG00000168273"	"other_respiratory_or_linked"	85	59	-0.0319320519271571	-0.0780502550053276	0.0461182030781706	0.064406779661017	0.513093099233542	0.823282144169464	"opposing_ESCA_stronger"	0	152	"weak_or_neutral"	FALSE	NA	NA	NA	NA	NA	NA	NA
"WDR26"	"ENSG00000162923"	"other_respiratory_or_linked"	85	59	-0.359796967858647	-0.376600893869592	0.0168039260109457	0.0899302093718843	0.360708578756238	0.72968554900259	"opposing_ESCA_stronger"	0	152	"weak_or_neutral"	TRUE	"not_flagged"	-0.395726307407829	0.535483870967742	-0.014416500052615	0.958569530413119	-0.231523642732049	0.841316586832192
