gene	biomarker	biomarker_type	N	group1_N	group0_N	pooled_effect	pooled_raw_P	effect	effect_definition	median_difference	raw_P	underpowered	availability	BH_FDR	evidence
"NDUFAF8"	"KRAS_mut"	"driver_mutation_categorical"	162	40	122	0.354098360655738	0.000791256439108012	0.123975409836065	"lineage-adjusted rank-biserial: positive = altered group stronger dependency"	0.0487024616554818	0.240019084664851	FALSE	"available"	0.856084979366111	"no_FDR_support"
"NDUFAF8"	"APC_mut"	"driver_mutation_categorical"	162	76	86	0.285495716034272	0.00174043831586192	-0.0625764993880049	"lineage-adjusted rank-biserial: positive = altered group stronger dependency"	0.002229768608714	0.492500857161062	FALSE	"available"	0.856084979366111	"no_FDR_support"
"NDUFAF8"	"TP53_mut"	"driver_mutation_categorical"	162	126	36	-0.0167548500881834	0.878328115841538	0.0518077601410936	"lineage-adjusted rank-biserial: positive = altered group stronger dependency"	0.024242239745839	0.635948841814825	FALSE	"available"	0.856084979366111	"no_FDR_support"
"NDUFAF8"	"PIK3CA_mut"	"driver_mutation_categorical"	162	35	127	0.0384701912260967	0.727871589354398	-0.0719910011248594	"lineage-adjusted rank-biserial: positive = altered group stronger dependency"	-0.026312562585771	0.514946817140989	FALSE	"available"	0.856084979366111	"no_FDR_support"
"NDUFAF8"	"BRAF_mut"	"driver_mutation_categorical"	162	11	151	0.137868753762793	0.445889801565002	-0.139072847682119	"lineage-adjusted rank-biserial: positive = altered group stronger dependency"	-0.0498467497730609	0.441924094790494	FALSE	"available"	0.856084979366111	"no_FDR_support"
"NDUFAF8"	"BRAF_KRAS_mut"	"driver_mutation_categorical"	162	51	111	0.345698639816287	0.000417653231933544	0.0660660660660661	"lineage-adjusted rank-biserial: positive = altered group stronger dependency"	0.0421030405143877	0.500079394776833	FALSE	"available"	0.856084979366111	"no_FDR_support"
"NDUFAF8"	"msStatus"	"MSI_categorical"	162	20	142	0.183098591549296	0.185580997645168	-0.00633802816901408	"lineage-adjusted rank-biserial: positive = altered group stronger dependency"	-0.0507935655793946	0.963451351427116	FALSE	"available"	0.974108355406455	"no_FDR_support"
"NDUFAF8"	"wholeGenomeDuplication"	"CNV_global_categorical"	162	100	62	-0.17	0.0693731001113833	-0.0880645161290322	"lineage-adjusted rank-biserial: positive = altered group stronger dependency"	-0.0509002988820987	0.346841360383808	FALSE	"available"	0.856084979366111	"no_FDR_support"
"NDUFAF8"	"focal_amplifical"	"CNV_global_categorical"	162	42	120	-0.13968253968254	0.178523300013259	0.00694444444444442	"lineage-adjusted rank-biserial: positive = altered group stronger dependency"	-0.000854470274755499	0.946673998222585	FALSE	"available"	0.974108355406455	"no_FDR_support"
"NDUFAF8"	"ploidy"	"CNV_continuous"	162	NA	NA	-0.116471282048886	0.139947597144458	-0.0901989468727538	"lineage-adjusted Spearman rho: positive = higher ploidy, stronger dependency"	NA	0.253668719166588	FALSE	"available"	0.856084979366111	"no_FDR_support"
"NDUFAF8"	"candidate_locus_copy_number"	"CNV_gene_level_continuous"	0	NA	NA	NA	NA	NA	"not estimable"	NA	NA	TRUE	"unavailable: frozen gene-level CNV table has no locus field for this candidate"	NA	"not_tested"
"NDUFA6"	"KRAS_mut"	"driver_mutation_categorical"	162	40	122	0.317213114754098	0.00264474724051081	0.0547131147540985	"lineage-adjusted rank-biserial: positive = altered group stronger dependency"	0.0172566798745663	0.604090739477264	FALSE	"available"	0.856084979366111	"no_FDR_support"
"NDUFA6"	"APC_mut"	"driver_mutation_categorical"	162	76	86	0.439106487148103	1.46413915529372e-06	0.0368727050183599	"lineage-adjusted rank-biserial: positive = altered group stronger dependency"	0.0436731982733587	0.685905069158244	FALSE	"available"	0.905912355492021	"no_FDR_support"
"NDUFA6"	"TP53_mut"	"driver_mutation_categorical"	162	126	36	0.236331569664903	0.0308222349818102	0.236992945326279	"lineage-adjusted rank-biserial: positive = altered group stronger dependency"	0.0742325441453085	0.0303556550217853	FALSE	"available"	0.856084979366111	"no_FDR_support"
"NDUFA6"	"PIK3CA_mut"	"driver_mutation_categorical"	162	35	127	0.0843644544431945	0.445423923450284	-0.0760404949381327	"lineage-adjusted rank-biserial: positive = altered group stronger dependency"	0	0.491590170907176	FALSE	"available"	0.856084979366111	"no_FDR_support"
"NDUFA6"	"BRAF_mut"	"driver_mutation_categorical"	162	11	151	0.15833835039133	0.381322076179014	-0.171583383503913	"lineage-adjusted rank-biserial: positive = altered group stronger dependency"	-0.052398811017634	0.342772066022223	FALSE	"available"	0.856084979366111	"no_FDR_support"
"NDUFA6"	"BRAF_KRAS_mut"	"driver_mutation_categorical"	162	51	111	0.319908143437555	0.00109302892326353	-0.00317965023847377	"lineage-adjusted rank-biserial: positive = altered group stronger dependency"	0	0.974108355406455	FALSE	"available"	0.974108355406455	"no_FDR_support"
"NDUFA6"	"msStatus"	"MSI_categorical"	162	20	142	-0.0887323943661972	0.521186814146288	-0.28169014084507	"lineage-adjusted rank-biserial: positive = altered group stronger dependency"	-0.0955703753414125	0.0416925097907347	FALSE	"available"	0.856084979366111	"no_FDR_support"
"NDUFA6"	"wholeGenomeDuplication"	"CNV_global_categorical"	162	100	62	0.094516129032258	0.312665515978125	0.169516129032258	"lineage-adjusted rank-biserial: positive = altered group stronger dependency"	0.046891260197093	0.0701677647393576	FALSE	"available"	0.856084979366111	"no_FDR_support"
"NDUFA6"	"focal_amplifical"	"CNV_global_categorical"	162	42	120	-0.0238095238095238	0.818623956588508	0.112698412698413	"lineage-adjusted rank-biserial: positive = altered group stronger dependency"	0.0202379299343635	0.277729993828702	FALSE	"available"	0.856084979366111	"no_FDR_support"
"NDUFA6"	"ploidy"	"CNV_continuous"	162	NA	NA	0.0570608464330616	0.470768004815605	0.0753267073696031	"lineage-adjusted Spearman rho: positive = higher ploidy, stronger dependency"	NA	0.340750906601704	FALSE	"available"	0.856084979366111	"no_FDR_support"
"NDUFA6"	"candidate_locus_copy_number"	"CNV_gene_level_continuous"	0	NA	NA	NA	NA	NA	"not estimable"	NA	NA	TRUE	"unavailable: frozen gene-level CNV table has no locus field for this candidate"	NA	"not_tested"
"COA5"	"KRAS_mut"	"driver_mutation_categorical"	162	40	122	0.0249999999999999	0.812712496623636	-0.113319672131148	"lineage-adjusted rank-biserial: positive = altered group stronger dependency"	-0.0656274360255211	0.282843930524924	FALSE	"available"	0.856084979366111	"no_FDR_support"
"COA5"	"APC_mut"	"driver_mutation_categorical"	162	76	86	0.363219094247246	6.78376994430914e-05	0.101591187270502	"lineage-adjusted rank-biserial: positive = altered group stronger dependency"	0.0135720775295415	0.265172715762724	FALSE	"available"	0.856084979366111	"no_FDR_support"
"COA5"	"TP53_mut"	"driver_mutation_categorical"	162	126	36	0.214726631393298	0.0497676094146409	0.229717813051146	"lineage-adjusted rank-biserial: positive = altered group stronger dependency"	0.120408953765522	0.0358217377923036	FALSE	"available"	0.856084979366111	"no_FDR_support"
"COA5"	"PIK3CA_mut"	"driver_mutation_categorical"	162	35	127	0.108661417322835	0.325691483103204	0.0656917885264341	"lineage-adjusted rank-biserial: positive = altered group stronger dependency"	0.040501579494992	0.55239279936985	FALSE	"available"	0.856084979366111	"no_FDR_support"
"COA5"	"BRAF_mut"	"driver_mutation_categorical"	162	11	151	0.0030102347983143	0.986720796570873	-0.220951234196267	"lineage-adjusted rank-biserial: positive = altered group stronger dependency"	-0.160864451818291	0.221835394843493	FALSE	"available"	0.856084979366111	"no_FDR_support"
"COA5"	"BRAF_KRAS_mut"	"driver_mutation_categorical"	162	51	111	0.0224341989047872	0.818873634713696	-0.162515456633104	"lineage-adjusted rank-biserial: positive = altered group stronger dependency"	-0.090021250737214	0.0971429252235642	FALSE	"available"	0.856084979366111	"no_FDR_support"
"COA5"	"msStatus"	"MSI_categorical"	162	20	142	-0.0830985915492958	0.547982664267981	-0.175	"lineage-adjusted rank-biserial: positive = altered group stronger dependency"	-0.0378389889769595	0.205791368157475	FALSE	"available"	0.856084979366111	"no_FDR_support"
"COA5"	"wholeGenomeDuplication"	"CNV_global_categorical"	162	100	62	0.0496774193548386	0.595649883504775	0.108387096774194	"lineage-adjusted rank-biserial: positive = altered group stronger dependency"	0.0809582688334455	0.246935028722176	FALSE	"available"	0.856084979366111	"no_FDR_support"
"COA5"	"focal_amplifical"	"CNV_global_categorical"	162	42	120	-0.0900793650793651	0.385626620654441	-0.020436507936508	"lineage-adjusted rank-biserial: positive = altered group stronger dependency"	-0.0553070813741415	0.843960377299635	FALSE	"available"	0.953100648916717	"no_FDR_support"
"COA5"	"ploidy"	"CNV_continuous"	162	NA	NA	0.0733681814521263	0.353488205400599	0.0608271207924993	"lineage-adjusted Spearman rho: positive = higher ploidy, stronger dependency"	NA	0.441940740658705	FALSE	"available"	0.856084979366111	"no_FDR_support"
"COA5"	"candidate_locus_copy_number"	"CNV_gene_level_continuous"	0	NA	NA	NA	NA	NA	"not estimable"	NA	NA	TRUE	"unavailable: frozen gene-level CNV table has no locus field for this candidate"	NA	"not_tested"
"COX6B1"	"KRAS_mut"	"driver_mutation_categorical"	162	40	122	0.103688524590164	0.325770177371202	-0.0686475409836066	"lineage-adjusted rank-biserial: positive = altered group stronger dependency"	-0.0280236911752425	0.515313700076555	FALSE	"available"	0.856084979366111	"no_FDR_support"
"COX6B1"	"APC_mut"	"driver_mutation_categorical"	162	76	86	0.406364749082007	8.31295594656271e-06	0.13234394124847	"lineage-adjusted rank-biserial: positive = altered group stronger dependency"	0.0324629113197781	0.146628652776094	FALSE	"available"	0.856084979366111	"no_FDR_support"
"COX6B1"	"TP53_mut"	"driver_mutation_categorical"	162	126	36	0.115520282186949	0.29119298608501	0.0873015873015872	"lineage-adjusted rank-biserial: positive = altered group stronger dependency"	0.0163269736877686	0.425056373338812	FALSE	"available"	0.856084979366111	"no_FDR_support"
"COX6B1"	"PIK3CA_mut"	"driver_mutation_categorical"	162	35	127	0.137907761529809	0.212265943306742	0.061867266591676	"lineage-adjusted rank-biserial: positive = altered group stronger dependency"	0.00590223561928904	0.575761979042077	FALSE	"available"	0.856084979366111	"no_FDR_support"
"COX6B1"	"BRAF_mut"	"driver_mutation_categorical"	162	11	151	0.036724864539434	0.839092717629587	-0.195665261890427	"lineage-adjusted rank-biserial: positive = altered group stronger dependency"	-0.13043770540158	0.279317651703274	FALSE	"available"	0.856084979366111	"no_FDR_support"
"COX6B1"	"BRAF_KRAS_mut"	"driver_mutation_categorical"	162	51	111	0.100158982511924	0.306611149469082	-0.116587175410705	"lineage-adjusted rank-biserial: positive = altered group stronger dependency"	-0.0496066573388079	0.234024544452353	FALSE	"available"	0.856084979366111	"no_FDR_support"
"COX6B1"	"msStatus"	"MSI_categorical"	162	20	142	0.0401408450704226	0.771655518246657	-0.0380281690140845	"lineage-adjusted rank-biserial: positive = altered group stronger dependency"	-0.0399802300191585	0.783364014866505	FALSE	"available"	0.952979093917127	"no_FDR_support"
"COX6B1"	"wholeGenomeDuplication"	"CNV_global_categorical"	162	100	62	0.0319354838709678	0.732996105030142	0.0853225806451612	"lineage-adjusted rank-biserial: positive = altered group stronger dependency"	0.0602518709960256	0.362061781137332	FALSE	"available"	0.856084979366111	"no_FDR_support"
"COX6B1"	"focal_amplifical"	"CNV_global_categorical"	162	42	120	-0.098015873015873	0.345162415492589	-0.0190476190476191	"lineage-adjusted rank-biserial: positive = altered group stronger dependency"	0.0360293230059426	0.854442249926271	FALSE	"available"	0.953100648916717	"no_FDR_support"
"COX6B1"	"ploidy"	"CNV_continuous"	162	NA	NA	0.0463041334557271	0.55847668035564	0.0575367648431975	"lineage-adjusted Spearman rho: positive = higher ploidy, stronger dependency"	NA	0.467069503507931	FALSE	"available"	0.856084979366111	"no_FDR_support"
"COX6B1"	"candidate_locus_copy_number"	"CNV_gene_level_continuous"	0	NA	NA	NA	NA	NA	"not estimable"	NA	NA	TRUE	"unavailable: frozen gene-level CNV table has no locus field for this candidate"	NA	"not_tested"
"TIMMDC1"	"KRAS_mut"	"driver_mutation_categorical"	162	40	122	0.15	0.155151361048731	-0.0217213114754098	"lineage-adjusted rank-biserial: positive = altered group stronger dependency"	0.00569802208068648	0.836902539248488	FALSE	"available"	0.953100648916717	"no_FDR_support"
"TIMMDC1"	"APC_mut"	"driver_mutation_categorical"	162	76	86	0.319461444308446	0.000458642053176709	0.024326805385557	"lineage-adjusted rank-biserial: positive = altered group stronger dependency"	0.00660496875927698	0.78961124924562	FALSE	"available"	0.952979093917127	"no_FDR_support"
"TIMMDC1"	"TP53_mut"	"driver_mutation_categorical"	162	126	36	-0.00881834215167554	0.935781427206697	-0.00617283950617287	"lineage-adjusted rank-biserial: positive = altered group stronger dependency"	0	0.955021885062137	FALSE	"available"	0.974108355406455	"no_FDR_support"
"TIMMDC1"	"PIK3CA_mut"	"driver_mutation_categorical"	162	35	127	0.154555680539932	0.162131909392743	0.0724409448818897	"lineage-adjusted rank-biserial: positive = altered group stronger dependency"	0.00797309043215801	0.512323464512602	FALSE	"available"	0.856084979366111	"no_FDR_support"
"TIMMDC1"	"BRAF_mut"	"driver_mutation_categorical"	162	11	151	0.110174593618302	0.542416791173461	-0.112582781456954	"lineage-adjusted rank-biserial: positive = altered group stronger dependency"	-0.073901888486583	0.533625086838041	FALSE	"available"	0.856084979366111	"no_FDR_support"
"TIMMDC1"	"BRAF_KRAS_mut"	"driver_mutation_categorical"	162	51	111	0.16163222045575	0.09897604364522	-0.0517576399929341	"lineage-adjusted rank-biserial: positive = altered group stronger dependency"	-0.00813240183912001	0.597282417994882	FALSE	"available"	0.856084979366111	"no_FDR_support"
"TIMMDC1"	"msStatus"	"MSI_categorical"	162	20	142	0.111971830985915	0.418208395435963	0.0154929577464789	"lineage-adjusted rank-biserial: positive = altered group stronger dependency"	0.0711702342770947	0.910814128120627	FALSE	"available"	0.974108355406455	"no_FDR_support"
"TIMMDC1"	"wholeGenomeDuplication"	"CNV_global_categorical"	162	100	62	-0.0635483870967742	0.497239466489941	-0.00822580645161286	"lineage-adjusted rank-biserial: positive = altered group stronger dependency"	-0.00381337632076999	0.929979422797539	FALSE	"available"	0.974108355406455	"no_FDR_support"
"TIMMDC1"	"focal_amplifical"	"CNV_global_categorical"	162	42	120	-0.084920634920635	0.413419540968833	0.0226190476190475	"lineage-adjusted rank-biserial: positive = altered group stronger dependency"	0.0421454245684375	0.827545239651381	FALSE	"available"	0.953100648916717	"no_FDR_support"
"TIMMDC1"	"ploidy"	"CNV_continuous"	162	NA	NA	-0.0804155369876838	0.309036683359338	-0.040431430911992	"lineage-adjusted Spearman rho: positive = higher ploidy, stronger dependency"	NA	0.609468595511821	FALSE	"available"	0.856084979366111	"no_FDR_support"
"TIMMDC1"	"candidate_locus_copy_number"	"CNV_gene_level_continuous"	0	NA	NA	NA	NA	NA	"not estimable"	NA	NA	TRUE	"unavailable: frozen gene-level CNV table has no locus field for this candidate"	NA	"not_tested"
"MCAT"	"KRAS_mut"	"driver_mutation_categorical"	162	40	122	-0.0299180327868852	0.776765207911249	-0.195901639344262	"lineage-adjusted rank-biserial: positive = altered group stronger dependency"	-0.0333013503007738	0.0633683730875544	FALSE	"available"	0.856084979366111	"no_FDR_support"
"MCAT"	"APC_mut"	"driver_mutation_categorical"	162	76	86	0.310893512851897	0.000650000541559676	0.0839963280293759	"lineage-adjusted rank-biserial: positive = altered group stronger dependency"	0.0058375296851315	0.356910273266353	FALSE	"available"	0.856084979366111	"no_FDR_support"
"MCAT"	"TP53_mut"	"driver_mutation_categorical"	162	126	36	0.146384479717813	0.181054870284012	0.109126984126984	"lineage-adjusted rank-biserial: positive = altered group stronger dependency"	0.0109702099506916	0.318716140697027	FALSE	"available"	0.856084979366111	"no_FDR_support"
"MCAT"	"PIK3CA_mut"	"driver_mutation_categorical"	162	35	127	0.186501687289089	0.0916254694262702	0.0654668166479191	"lineage-adjusted rank-biserial: positive = altered group stronger dependency"	0.015971879110424	0.553754472754513	FALSE	"available"	0.856084979366111	"no_FDR_support"
"MCAT"	"BRAF_mut"	"driver_mutation_categorical"	162	11	151	0.28476821192053	0.115371495602028	0.0885009030704396	"lineage-adjusted rank-biserial: positive = altered group stronger dependency"	0.0161078979231	0.62460763388288	FALSE	"available"	0.856084979366111	"no_FDR_support"
"MCAT"	"BRAF_KRAS_mut"	"driver_mutation_categorical"	162	51	111	0.0577636459989401	0.555449269314202	-0.142907613495849	"lineage-adjusted rank-biserial: positive = altered group stronger dependency"	-0.0249645295369091	0.144642284795659	FALSE	"available"	0.856084979366111	"no_FDR_support"
"MCAT"	"msStatus"	"MSI_categorical"	162	20	142	0.0985915492957747	0.475971561784079	-0.00915492957746478	"lineage-adjusted rank-biserial: positive = altered group stronger dependency"	-0.00195894381608455	0.947227566874364	FALSE	"available"	0.974108355406455	"no_FDR_support"
"MCAT"	"wholeGenomeDuplication"	"CNV_global_categorical"	162	100	62	-0.0425806451612903	0.649212101312722	0.0167741935483872	"lineage-adjusted rank-biserial: positive = altered group stronger dependency"	-0.0064837846095275	0.857790584025045	FALSE	"available"	0.953100648916717	"no_FDR_support"
"MCAT"	"focal_amplifical"	"CNV_global_categorical"	162	42	120	-0.0682539682539682	0.510942920904899	0.0634920634920635	"lineage-adjusted rank-biserial: positive = altered group stronger dependency"	0.0044514940206784	0.540861034283059	FALSE	"available"	0.856084979366111	"no_FDR_support"
"MCAT"	"ploidy"	"CNV_continuous"	162	NA	NA	-0.0458226371147884	0.562579080920386	-0.028035074864472	"lineage-adjusted Spearman rho: positive = higher ploidy, stronger dependency"	NA	0.723237904436197	FALSE	"available"	0.937530616861737	"no_FDR_support"
"MCAT"	"candidate_locus_copy_number"	"CNV_gene_level_continuous"	0	NA	NA	NA	NA	NA	"not estimable"	NA	NA	TRUE	"unavailable: frozen gene-level CNV table has no locus field for this candidate"	NA	"not_tested"
"ISCA2"	"KRAS_mut"	"driver_mutation_categorical"	162	40	122	0.247950819672131	0.0187803925734528	0.0567622950819673	"lineage-adjusted rank-biserial: positive = altered group stronger dependency"	0.0282545347510915	0.590613418640004	FALSE	"available"	0.856084979366111	"no_FDR_support"
"ISCA2"	"APC_mut"	"driver_mutation_categorical"	162	76	86	0.374541003671971	3.99234416923317e-05	0.0734394124847002	"lineage-adjusted rank-biserial: positive = altered group stronger dependency"	0.0213419569820585	0.420542375016383	FALSE	"available"	0.856084979366111	"no_FDR_support"
"ISCA2"	"TP53_mut"	"driver_mutation_categorical"	162	126	36	0.0895061728395061	0.413461472425419	0.07010582010582	"lineage-adjusted rank-biserial: positive = altered group stronger dependency"	0.0517253277095925	0.52180795138166	FALSE	"available"	0.856084979366111	"no_FDR_support"
"ISCA2"	"PIK3CA_mut"	"driver_mutation_categorical"	162	35	127	0.132058492688414	0.232300838762051	-0.053318335208099	"lineage-adjusted rank-biserial: positive = altered group stronger dependency"	-0.049799568660824	0.629620382129373	FALSE	"available"	0.856084979366111	"no_FDR_support"
"ISCA2"	"BRAF_mut"	"driver_mutation_categorical"	162	11	151	0.165562913907285	0.359977480985009	-0.0571944611679711	"lineage-adjusted rank-biserial: positive = altered group stronger dependency"	-0.104459433643527	0.751824837728605	FALSE	"available"	0.939781047160756	"no_FDR_support"
"ISCA2"	"BRAF_KRAS_mut"	"driver_mutation_categorical"	162	51	111	0.262321144674086	0.00741503463505884	0.0321497968556792	"lineage-adjusted rank-biserial: positive = altered group stronger dependency"	0.019136001868016	0.742785515596038	FALSE	"available"	0.939781047160756	"no_FDR_support"
"ISCA2"	"msStatus"	"MSI_categorical"	162	20	142	-0.142957746478873	0.30134413848373	-0.211971830985916	"lineage-adjusted rank-biserial: positive = altered group stronger dependency"	-0.116364645374908	0.12539324369785	FALSE	"available"	0.856084979366111	"no_FDR_support"
"ISCA2"	"wholeGenomeDuplication"	"CNV_global_categorical"	162	100	62	0.0461290322580645	0.622180920670332	0.12241935483871	"lineage-adjusted rank-biserial: positive = altered group stronger dependency"	0.0276247351434115	0.190967219132939	FALSE	"available"	0.856084979366111	"no_FDR_support"
"ISCA2"	"focal_amplifical"	"CNV_global_categorical"	162	42	120	-0.149603174603175	0.149623190625189	0.0599206349206349	"lineage-adjusted rank-biserial: positive = altered group stronger dependency"	-0.007037106915198	0.563862488147396	FALSE	"available"	0.856084979366111	"no_FDR_support"
"ISCA2"	"ploidy"	"CNV_continuous"	162	NA	NA	0.088064409946232	0.265123096938384	0.139283265802429	"lineage-adjusted Spearman rho: positive = higher ploidy, stronger dependency"	NA	0.0771134954388098	FALSE	"available"	0.856084979366111	"no_FDR_support"
"ISCA2"	"candidate_locus_copy_number"	"CNV_gene_level_continuous"	0	NA	NA	NA	NA	NA	"not estimable"	NA	NA	TRUE	"unavailable: frozen gene-level CNV table has no locus field for this candidate"	NA	"not_tested"
