gene	module	n_CRC	n_ESCA	median_dependency_z_CRC	median_dependency_z_ESCA	median_difference_CRC_minus_ESCA	rank_biserial_CRC_vs_ESCA	raw_P	BH_FDR_within_all_mapped_genes	gene_level_prior_BH_FDR	gene_level_prior_rank_biserial	direction	gene_level_FDR_driver
"SDHAF4"	"CII"	85	59	-0.283880118177808	0.198616886212886	-0.482497004390694	-0.285742771684945	0.00360698197567413	0.0282511904984031	0.0753861980394547	0.285742771684945	"ESCA-leaning"	FALSE
"SDHAF2"	"CII"	85	59	-0.00406928293146276	0.171438238511155	-0.175507521442617	-0.147357926221336	0.133351178021462	0.3303175130886	0.478569036176352	0.147357926221336	"ESCA-leaning"	FALSE
"SDHAF3"	"CII"	85	59	0.025922756231402	-0.138171977052848	0.16409473328425	0.14456630109671	0.14086407724786	0.340421520015662	0.493024797808783	-0.14456630109671	"CRC-leaning"	FALSE
"SDHA"	"CII"	85	59	0.0947005610244578	0.0397414093782313	0.0549591516462266	0.0656031904287138	0.503975901429711	0.724158906887172	0.819110932708948	-0.0656031904287139	"CRC-leaning"	FALSE
"SDHC"	"CII"	85	59	0.0163136762591416	-0.0613527768314859	0.0776664530906275	0.0293120638085742	0.765261692813238	0.924691212149329	0.922264674066241	-0.0293120638085743	"CRC-leaning"	FALSE
"SDHB"	"CII"	85	59	0.00889055810672985	0.00943596453154164	-0.000545406424811795	0.0137587238285144	0.888542203731415	0.967660934092125	0.967581112351219	-0.0137587238285145	"ESCA-leaning"	FALSE
"SDHAF1"	"CII"	85	59	-0.0305689904586932	0.038345090759767	-0.0689140812184602	-0.0113659022931206	0.907830605847049	0.967660934092125	0.97356339030629	0.0113659022931207	"ESCA-leaning"	FALSE
"BCS1L"	"CIII_assembly"	85	59	-0.26349636286556	-0.0126841897089426	-0.250812173156617	-0.117846460618146	0.229981183740289	0.441795807222656	0.615545123088907	0.117846460618146	"ESCA-leaning"	FALSE
"LETM1"	"CIII_assembly"	85	59	-0.157482920308486	0.0732193728138199	-0.230702293122306	-0.0675972083748754	0.491101132592592	0.724158906887172	0.81125019861722	0.0675972083748755	"ESCA-leaning"	FALSE
"TTC19"	"CIII_assembly"	85	59	-0.15242214183681	0.0219262146123472	-0.174348356449157	-0.0640079760717847	0.514402533857784	0.724158906887172	0.823282144169464	0.0640079760717847	"ESCA-leaning"	FALSE
"UQCC5"	"CIII_assembly"	85	59	-0.0773441030915328	0.0786402798722513	-0.155984382963784	-0.0644067796610169	0.511785402944103	0.724158906887172	0.823282144169464	0.064406779661017	"ESCA-leaning"	FALSE
"UQCC3"	"CIII_assembly"	85	59	-0.0427645619187796	-0.121919810879453	0.079155248960673	0.0161515453639083	0.869319574348242	0.961964183038191	0.959982177268463	-0.0161515453639083	"CRC-leaning"	FALSE
"UQCC1"	"CIII_assembly"	85	59	0.0202964372162893	0.0621461600944663	-0.041849722878177	-0.015752741774676	0.87251830348576	0.961964183038191	0.960509927025202	0.0157527417746759	"ESCA-leaning"	FALSE
"LYRM7"	"CIII_assembly"	85	59	-0.0351175447278234	0.0638819428872332	-0.0989994876150566	-0.00897308075772685	0.92717351167012	0.970563061588543	0.976049062476263	0.00897308075772685	"ESCA-leaning"	FALSE
"UQCC6"	"CIII_assembly"	85	59	-0.0459982793925136	-0.0319317906324755	-0.0140664887600381	0.00857427716849446	0.930401831453845	0.970563061588543	0.976049062476263	-0.00857427716849457	"ESCA-leaning"	FALSE
"UQCC2"	"CIII_assembly"	85	59	-0.0398057567271692	-0.0875540521262056	0.0477482953990364	0.00418743768693908	0.965977295011616	0.986385266032988	0.990033531083088	-0.00418743768693919	"CRC-leaning"	FALSE
"UQCRQ"	"CIII_structural"	85	59	0.0221082726336623	-0.168764623085338	0.190872895719	0.162113659022931	0.0986728918299661	0.260137623915365	0.407671328006078	-0.162113659022931	"CRC-leaning"	FALSE
"UQCRC2"	"CIII_structural"	85	59	0.0655612183985062	-0.0885096814652041	0.15407089986371	0.146959122632104	0.134405057049844	0.3303175130886	0.481129749961002	-0.146959122632104	"CRC-leaning"	FALSE
"UQCRB"	"CIII_structural"	85	59	0.121605356940503	-0.21198050578868	0.333585862729183	0.129810568295115	0.186076230361297	0.399671361174395	0.569536907828971	-0.129810568295115	"CRC-leaning"	FALSE
"UQCRC1"	"CIII_structural"	85	59	0.0598992155729305	-0.236066145657778	0.295965361230708	0.0811565304087736	0.408420471800793	0.650779872649615	0.771089419234246	-0.0811565304087737	"CRC-leaning"	FALSE
"CYC1"	"CIII_structural"	85	59	0.0255725783739893	-0.00750916371879229	0.0330817420927816	-0.00299102691924225	0.975694458936664	0.988995319412728	0.99364693678284	0.00299102691924236	"CRC-leaning"	FALSE
"SCO1"	"CIV_assembly"	85	59	0.12974336155256	-0.32944421052344	0.459187572076	0.37666999002991	0.000124630181396755	0.00361427526050588	0.0150328196323486	-0.37666999002991	"CRC-leaning"	TRUE
"COA5"	"CIV_assembly"	85	59	0.165644231932759	-0.257435598362793	0.423079830295551	0.294117647058824	0.00273599851226931	0.0264479856186033	0.0659159405978553	-0.294117647058823	"CRC-leaning"	FALSE
"SMIM20"	"CIV_assembly"	85	59	0.0922606239970415	-0.196922608232546	0.289183232229588	0.292123629112662	0.0029238835078123	0.026497694289549	0.0681302833051784	-0.292123629112662	"CRC-leaning"	FALSE
"COX16"	"CIV_assembly"	85	59	0.0728167536181916	-0.340515074278882	0.413331827897074	0.261016949152543	0.00784264331941467	0.0516901491506876	0.111407487361928	-0.261016949152542	"CRC-leaning"	FALSE
"COX15"	"CIV_assembly"	85	59	0.0974066131521805	-0.333432178054083	0.430838791206264	0.254636091724826	0.00949289925577066	0.0598465387863803	0.128412990286448	-0.254636091724826	"CRC-leaning"	FALSE
"TIMM21"	"CIV_assembly"	85	59	0.1838183039533	-0.200660739168774	0.384479043122074	0.244267198404786	0.0128408138085756	0.0664970715086949	0.149244794628946	-0.244267198404786	"CRC-leaning"	FALSE
"SCO2"	"CIV_assembly"	85	59	0.124051785407897	-0.17306741717598	0.297119202583877	0.233898305084746	0.0171939280734176	0.0859696403670882	0.180830248067627	-0.233898305084746	"CRC-leaning"	FALSE
"COX18"	"CIV_assembly"	85	59	0.122090487576737	-0.239911677927721	0.362002165504459	0.230309072781655	0.018977445756312	0.0917243211555078	0.188409275108128	-0.230309072781655	"CRC-leaning"	FALSE
"SURF1"	"CIV_assembly"	85	59	0.0387766437859926	-0.0909045183372097	0.129681162123202	0.140977068793619	0.150996572377311	0.358926278601805	0.505967886635287	-0.140977068793619	"CRC-leaning"	FALSE
"HIGD1A"	"CIV_assembly"	85	59	-0.0798691306278238	0.0619234197057884	-0.141792550333612	-0.133000997008973	0.175489435395651	0.388397136840811	0.552680826226412	0.133000997008973	"ESCA-leaning"	FALSE
"COA3"	"CIV_assembly"	85	59	-0.0233591171588094	-0.0358340685279437	0.0124749513691343	0.125024925224327	0.202830534707128	0.4144466942493	0.586561331671947	-0.125024925224327	"CRC-leaning"	FALSE
"TACO1"	"CIV_assembly"	85	59	0.0530554354473567	-0.0823549702226545	0.135410405670011	0.117447657028913	0.231561940337392	0.441795807222656	0.615545123088907	-0.117447657028913	"CRC-leaning"	FALSE
"PET117"	"CIV_assembly"	85	59	0.0132686431139042	-0.231497493483167	0.244766136597071	0.114656031904287	0.24284347657649	0.457302650695988	0.62298251305975	-0.114656031904287	"CRC-leaning"	FALSE
"COX19"	"CIV_assembly"	85	59	-0.191801685045183	0.00807848715786228	-0.199880172203045	-0.103888334995015	0.289951917151555	0.500512237940183	0.668926254314185	0.103888334995015	"ESCA-leaning"	FALSE
"COX11"	"CIV_assembly"	85	59	-0.0564285800124849	-0.0324091217772759	-0.024019458235209	0.0951146560319043	0.332616703549059	0.535882466829039	0.709522290728109	-0.0951146560319043	"ESCA-leaning"	FALSE
"RAB5IF"	"CIV_assembly"	85	59	0.014555333940065	-0.0783317073679925	0.0928870413080575	0.0660019940179462	0.501386778410824	0.724158906887172	0.818667598237839	-0.0660019940179462	"CRC-leaning"	FALSE
"TMEM223"	"CIV_assembly"	85	59	0.0396870896530433	-0.220516404370028	0.260203494023071	0.0528414755732802	0.590401904664721	0.792669223855412	0.862361501182138	-0.0528414755732801	"CRC-leaning"	FALSE
"COX10"	"CIV_assembly"	85	59	0.0474268703253412	-0.0342695730852502	0.0816964434105914	-0.0500498504486541	0.610179209082421	0.800802853252548	0.867923144126647	0.050049850448654	"CRC-leaning"	FALSE
"HIGD2A"	"CIV_assembly"	85	59	0.0485033945248404	-0.00558882250781194	0.0540922170326523	0.0468594217347955	0.63313475033326	0.819683382127881	0.883657981985008	-0.0468594217347956	"CRC-leaning"	FALSE
"COQ10A"	"CIV_assembly"	85	59	-0.0354228673992407	-0.045733443132686	0.0103105757334453	-0.046061814556331	0.638930442811045	0.819866497412403	0.887285472775955	0.046061814556331	"CRC-leaning"	FALSE
"PNKD"	"CIV_assembly"	85	59	0.0694460032185623	0.0652122311665416	0.00423377205202061	-0.0396809571286142	0.686067073897177	0.850254065940946	0.898091018980069	0.0396809571286141	"CRC-leaning"	FALSE
"COX14"	"CIV_assembly"	85	59	-0.0934724756188153	0.00742311912298179	-0.100895594741797	-0.0281156530408774	0.774578210422939	0.928213557944844	0.923253108986207	0.0281156530408773	"ESCA-leaning"	FALSE
"PET100"	"CIV_assembly"	85	59	0.0200562880341588	0.0406706220524	-0.0206143340182413	0.0225324027916252	0.818465161415783	0.960420990573911	0.945998492734269	-0.0225324027916252	"ESCA-leaning"	FALSE
"COQ10B"	"CIV_assembly"	85	59	0.0482432083185566	-0.0160218569221077	0.0642650652406643	0.0193419740777667	0.843810971897766	0.961964183038191	0.954964696428659	-0.0193419740777667	"CRC-leaning"	FALSE
"COX17"	"CIV_assembly"	85	59	0.064120317735566	0.126021789377016	-0.0619014716414503	0.0113659022931207	0.907830605847049	0.967660934092125	0.97356339030629	-0.0113659022931206	"ESCA-leaning"	FALSE
"TMEM177"	"CIV_assembly"	85	59	-0.123091825601251	-0.0667281511584483	-0.0563636744428029	0.000199401794616083	0.998379381021648	0.998379381021648	1	-0.000199401794616194	"ESCA-leaning"	FALSE
"COX6B1"	"CIV_structural"	85	59	0.143726797672961	-0.359166149411986	0.502892947084947	0.359122632103689	0.000254097782747764	0.00578681899169817	0.0241092885395134	-0.359122632103689	"CRC-leaning"	TRUE
"COX6A1"	"CIV_structural"	85	59	0.210165930426961	-0.392440881647276	0.602606812074238	0.356729810568295	0.000279363675461291	0.00578681899169817	0.0241344516539171	-0.356729810568295	"CRC-leaning"	TRUE
"COX7B2"	"CIV_structural"	85	59	0.0953066894634785	-0.250597673638884	0.345904363102362	0.194017946161515	0.0481202290149971	0.162265888538944	0.294271740063049	-0.194017946161515	"CRC-leaning"	FALSE
"COX5A"	"CIV_structural"	85	59	0.063066341381196	-0.180839216050607	0.243905557431803	0.151345962113659	0.123161131355093	0.31889935797301	0.459478763068185	-0.151345962113659	"CRC-leaning"	FALSE
"COX4I2"	"CIV_structural"	85	59	-0.0143098508255913	-0.138312069233683	0.124002218408092	0.134995014955135	0.169104817749789	0.383128102714367	0.541007411640769	-0.134995014955135	"CRC-leaning"	FALSE
"COX4I1"	"CIV_structural"	85	59	0.0946280053405085	-0.132481043012443	0.227109048352951	0.126620139581256	0.197127833071747	0.414254141962366	0.57834754843172	-0.126620139581256	"CRC-leaning"	FALSE
"COX5B"	"CIV_structural"	85	59	0.0170444061634844	-0.20207474298282	0.219119149146304	0.12382851445663	0.207185759131434	0.4144466942493	0.591896104889772	-0.12382851445663	"CRC-leaning"	FALSE
"NDUFA4L2"	"CIV_structural"	85	59	0.0159905539344856	-0.219744388446574	0.23573494238106	0.123429710867398	0.208652473656544	0.4144466942493	0.593688290606011	-0.123429710867398	"CRC-leaning"	FALSE
"COX6B2"	"CIV_structural"	85	59	-0.0557440473643201	0.146567804659308	-0.202311852023629	-0.110667996011964	0.259621549760163	0.473683219760888	0.637433633869223	0.110667996011964	"ESCA-leaning"	FALSE
"COX8A"	"CIV_structural"	85	59	-0.165085306899753	0.102865149033045	-0.267950455932798	-0.0963110667996012	0.326571264275161	0.53205430696515	0.706159198216831	0.0963110667996012	"ESCA-leaning"	FALSE
"COX6A2"	"CIV_structural"	85	59	0.0473822860608484	0.161680229778358	-0.11429794371751	-0.0564307078763708	0.565416868231231	0.773447602769137	0.853208527338346	0.0564307078763708	"ESCA-leaning"	FALSE
"COX7A2"	"CIV_structural"	85	59	0.111021958923162	-0.215801922301905	0.326823881225067	0.0516450648055833	0.598841772131812	0.796624375771677	0.864855357993842	-0.0516450648055833	"CRC-leaning"	FALSE
"COX6C"	"CIV_structural"	85	59	-0.134423349902459	-0.200883980514822	0.066460630612363	0.0444666001994019	0.650587932703377	0.827502195105172	0.888429621492332	-0.0444666001994017	"CRC-leaning"	FALSE
"COX8C"	"CIV_structural"	85	59	-0.050322650401528	-4.21457139463589e-05	-0.0502805046875816	-0.0396809571286142	0.686067073897177	0.850254065940946	0.898091018980069	0.0396809571286141	"ESCA-leaning"	FALSE
"COX7A1"	"CIV_structural"	85	59	-0.0192108147647885	0.0897063949963247	-0.108917209761113	-0.0161515453639083	0.869319574348242	0.961964183038191	0.959982177268463	0.0161515453639083	"ESCA-leaning"	FALSE
"COX7A2L"	"CIV_structural"	85	59	0.0308064492681602	0.0726816324975852	-0.041875183229425	-0.0125623130608176	0.898178885013094	0.967660934092125	0.971829398227947	0.0125623130608175	"ESCA-leaning"	FALSE
"NDUFAF8"	"CI_assembly"	85	59	0.225050494602035	-0.470493347899178	0.695543842501214	0.402193419740778	4.18861391910875e-05	0.00273171501701899	0.0124730429895565	-0.402193419740778	"CRC-leaning"	TRUE
"TIMMDC1"	"CI_assembly"	85	59	0.155023593762734	-0.349929336344113	0.504952930106847	0.351545363908275	0.000342398900501913	0.00620598007159717	0.0270688772602424	-0.351545363908275	"CRC-leaning"	TRUE
"NDUFAF7"	"CI_assembly"	85	59	0.0815732488724696	-0.450590799284256	0.532164048156725	0.330408773678963	0.000763748730610187	0.0123048406598308	0.0402363100114572	-0.330408773678963	"CRC-leaning"	TRUE
"NDUFAF3"	"CI_assembly"	85	59	0.044437445221927	-0.329546829247948	0.373984274469875	0.319242273180459	0.00114650518116994	0.0151130228426946	0.049408235812796	-0.319242273180459	"CRC-leaning"	TRUE
"TMEM126B"	"CI_assembly"	85	59	0.137365182590198	-0.237153223150331	0.374518405740529	0.244666001994018	0.0126948725789536	0.0664970715086949	0.149244794628946	-0.244666001994018	"CRC-leaning"	FALSE
"DMAC2"	"CI_assembly"	85	59	0.0846407722287928	-0.325482205302353	0.410122977531146	0.217946161515454	0.0264158720483001	0.109047728062034	0.221859852408666	-0.217946161515454	"CRC-leaning"	FALSE
"NDUFAF1"	"CI_assembly"	85	59	0.125619220551184	-0.441380288721404	0.566999509272588	0.216350947158524	0.0275388706507384	0.109047728062034	0.225937142607153	-0.216350947158524	"CRC-leaning"	FALSE
"NDUFAF5"	"CI_assembly"	85	59	0.00388629139111341	-0.404900907236281	0.408787198627395	0.213559322033898	0.0296033408726688	0.112960116487815	0.232127865960272	-0.213559322033898	"CRC-leaning"	FALSE
"TMEM126A"	"CI_assembly"	85	59	0.0392939666862525	-0.198670581226295	0.237964547912548	0.207976071784646	0.0341339839512398	0.120717748120238	0.249641944235768	-0.207976071784646	"CRC-leaning"	FALSE
"DMAC1"	"CI_assembly"	85	59	0.0585297860332504	0.221846425357128	-0.163316639323878	-0.177666999002991	0.0703343862557483	0.20396972014167	0.347588593095029	0.177666999002991	"ESCA-leaning"	FALSE
"ACAD9"	"CI_assembly"	85	59	0.110592195821606	-0.109176515863346	0.219768711684952	0.162512462612163	0.0978466193577215	0.260137623915365	0.407671328006078	-0.162512462612163	"CRC-leaning"	FALSE
"PYURF"	"CI_assembly"	85	59	0.187552274615009	0.026624928175971	0.160927346439038	0.0983050847457627	0.316655204614657	0.53205430696515	0.697518835687652	-0.0983050847457627	"CRC-leaning"	FALSE
"FOXRED1"	"CI_assembly"	85	59	0.145939152010909	-0.0238937734612178	0.169832925472127	0.0727816550348954	0.458470149495199	0.714819050288214	0.797419685980865	-0.0727816550348953	"CRC-leaning"	FALSE
"ECSIT"	"CI_assembly"	85	59	0.0116376641542141	-0.0584410305239903	0.0700786946782044	0.0731804586241276	0.456011445594321	0.714819050288214	0.797419685980865	-0.0731804586241276	"CRC-leaning"	FALSE
"TMEM186"	"CI_assembly"	85	59	-0.0428204689148485	0.0331272103494215	-0.0759476792642701	-0.0556331006979063	0.570924982940622	0.773683388097105	0.853322135150416	0.0556331006979063	"ESCA-leaning"	FALSE
"NDUFAF6"	"CI_assembly"	85	59	0.052080207285767	-0.0709011804538604	0.122981387739627	0.0333000997008972	0.734458019003422	0.89492783828148	0.90999636808539	-0.0333000997008973	"CRC-leaning"	FALSE
"NUBPL"	"CI_assembly"	85	59	-0.196637399172718	-0.18364589680405	-0.0129915023686678	0.0217347956131606	0.824784945995659	0.960420990573911	0.949189278191677	-0.0217347956131605	"ESCA-leaning"	FALSE
"NDUFAF2"	"CI_assembly"	85	59	0.0746845989744228	-0.0300162135086543	0.104700812483077	-0.0105682951146561	0.914272744624973	0.967660934092125	0.976049062476263	0.010568295114656	"CRC-leaning"	FALSE
"SFXN4"	"CI_assembly"	85	59	-0.0636016751948575	-0.0478720417027919	-0.0157296334920655	-0.00618145563310069	0.949793954281554	0.976738463622874	0.979149410925908	0.0061814556331008	"ESCA-leaning"	FALSE
"NDUFA6"	"CI_structural"	85	59	0.244335622005225	-0.478826275179972	0.723161897185197	0.406181455633101	3.51195280707236e-05	0.00273171501701899	0.0124730429895565	-0.406181455633101	"CRC-leaning"	TRUE
"NDUFA2"	"CI_structural"	85	59	0.300539128248583	-0.290148960628586	0.590688088877169	0.310069790628116	0.00158620231495711	0.0191666113057317	0.0512585205380301	-0.310069790628116	"CRC-leaning"	FALSE
"NDUFB11"	"CI_structural"	85	59	0.0684017737326955	-0.29469192111578	0.363093694848475	0.306081754735793	0.00182200701759118	0.0203223859654401	0.052866514162965	-0.306081754735793	"CRC-leaning"	FALSE
"NDUFS1"	"CI_structural"	85	59	0.184113145766297	-0.421821244800209	0.605934390566507	0.288534396809571	0.0032920044791942	0.0280788617343034	0.0719825280033457	-0.288534396809571	"CRC-leaning"	FALSE
"NDUFA9"	"CI_structural"	85	59	0.132557919539445	-0.397978752272938	0.530536671812382	0.284945164506481	0.00370188013427351	0.0282511904984031	0.0762471129425286	-0.284945164506481	"CRC-leaning"	FALSE
"NDUFC2"	"CI_structural"	85	59	0.243320539686283	-0.188328681921536	0.43164922160782	0.246660019940179	0.0119869696707794	0.0664970715086949	0.146752448163889	-0.24666001994018	"CRC-leaning"	FALSE
"NDUFB10"	"CI_structural"	85	59	0.0161732148858769	-0.235680740982061	0.251853955867938	0.246660019940179	0.0119869696707794	0.0664970715086949	0.146752448163889	-0.24666001994018	"CRC-leaning"	FALSE
"NDUFC1"	"CI_structural"	85	59	0.256679554596867	-0.269896165414607	0.526575720011475	0.226719840478564	0.0209206695894295	0.0931350765637041	0.202036425122804	-0.226719840478564	"CRC-leaning"	FALSE
"NDUFS7"	"CI_structural"	85	59	0.0391529326052534	-0.338561632864408	0.377714565469661	0.225124626121635	0.0218385696770065	0.0931350765637041	0.202624176208323	-0.225124626121635	"CRC-leaning"	FALSE
"NDUFS5"	"CI_structural"	85	59	0.0253223126579804	-0.265721795457479	0.291044108115459	0.215952143569292	0.0278259719882432	0.109047728062034	0.226978901775615	-0.215952143569292	"CRC-leaning"	FALSE
"NDUFB7"	"CI_structural"	85	59	0.0966240190037746	-0.294548103044743	0.391172122048517	0.211964107676969	0.0308417677488942	0.114668110861273	0.236602774050284	-0.211964107676969	"CRC-leaning"	FALSE
"NDUFA1"	"CI_structural"	85	59	-0.00208137966456355	-0.437753994878194	0.435672615213631	0.209571286141575	0.0327827013363724	0.11883729234435	0.248554692618404	-0.209571286141575	"CRC-leaning"	FALSE
"NDUFB5"	"CI_structural"	85	59	-0.0233294205206377	-0.285308304499865	0.261978883979227	0.199601196410768	0.04203462171252	0.145119527340843	0.272343071141825	-0.199601196410768	"CRC-leaning"	FALSE
"NDUFS8"	"CI_structural"	85	59	0.201336060188855	-0.202095855620847	0.403431915809703	0.18963110667996	0.053406435857101	0.173710560984704	0.303059318822896	-0.18963110667996	"CRC-leaning"	FALSE
"NDUFB2"	"CI_structural"	85	59	0.163462157510332	-0.18546230429831	0.348924461808642	0.182851445663011	0.0625240628116216	0.192893385269896	0.329697306862417	-0.182851445663011	"CRC-leaning"	FALSE
"NDUFA10"	"CI_structural"	85	59	0.0393253914493569	-0.198794109690124	0.238119501139481	0.178065802592223	0.0697064520885945	0.20396972014167	0.345692364202538	-0.178065802592223	"CRC-leaning"	FALSE
"NDUFB9"	"CI_structural"	85	59	0.0901564181284488	-0.320447731932003	0.410604150060451	0.174875373878365	0.0748609880158568	0.208746985813447	0.358691978428547	-0.174875373878365	"CRC-leaning"	FALSE
"NDUFS4"	"CI_structural"	85	59	0.0315278048609617	-0.199438135143581	0.230965940004543	0.170887337986042	0.0817375489058166	0.223621596063083	0.377194855247412	-0.170887337986042	"CRC-leaning"	FALSE
"NDUFA11"	"CI_structural"	85	59	0.172950929269065	-0.110576256440026	0.28352718570909	0.148554336989033	0.130227893036681	0.3303175130886	0.477031471674736	-0.148554336989033	"CRC-leaning"	FALSE
"NDUFS3"	"CI_structural"	85	59	0.0829593249377291	-0.0991195363544731	0.182078861292202	0.137387836490528	0.161675191783784	0.372109568391249	0.529205711220574	-0.137387836490528	"CRC-leaning"	FALSE
"NDUFB8"	"CI_structural"	85	59	0.219652037901288	-0.165158967426409	0.384811005327697	0.129411764705882	0.187432086619716	0.399671361174395	0.571215471278572	-0.129411764705882	"CRC-leaning"	FALSE
"NDUFA13"	"CI_structural"	85	59	-0.0719552515845538	-0.129891769997381	0.0579365184128273	0.124626121635095	0.204274804097424	0.4144466942493	0.588918710903617	-0.124626121635095	"CRC-leaning"	FALSE
"NDUFAB1"	"CI_structural"	85	59	0.0675747187219205	-0.0628132560915965	0.130387974813517	0.119441674975075	0.223734936984064	0.43839953868499	0.612669534644217	-0.119441674975075	"CRC-leaning"	FALSE
"NDUFA3"	"CI_structural"	85	59	0.227245933581859	-0.0285995885103678	0.255845522092227	0.111465603190429	0.256203297377468	0.473683219760888	0.633440733894387	-0.111465603190429	"CRC-leaning"	FALSE
"NDUFS2"	"CI_structural"	85	59	-0.119891482319801	-0.188711577806802	0.068820095487001	0.110269192422732	0.261342466074973	0.473683219760888	0.638335682158036	-0.110269192422732	"CRC-leaning"	FALSE
"NDUFA8"	"CI_structural"	85	59	0.0847570416064852	-0.0399646331999796	0.124721674806465	0.106679960119641	0.277185705557281	0.48738452858999	0.658544608031173	-0.106679960119641	"CRC-leaning"	FALSE
"NDUFB3"	"CI_structural"	85	59	0.00661377165275769	-0.0836254586170382	0.0902392302697959	0.0983050847457627	0.316655204614657	0.53205430696515	0.697518835687652	-0.0983050847457627	"CRC-leaning"	FALSE
"NDUFS6"	"CI_structural"	85	59	0.0605277304558979	0.0720465693390578	-0.0115188388831598	-0.0963110667996012	0.326571264275161	0.53205430696515	0.706159198216831	0.0963110667996012	"ESCA-leaning"	FALSE
"NDUFV2"	"CI_structural"	85	59	0.0952714740362778	-0.1619520909158	0.257223564952078	0.0687936191425722	0.483461920676317	0.722700809258411	0.807122223493726	-0.0687936191425723	"CRC-leaning"	FALSE
"NDUFA7"	"CI_structural"	85	59	-0.0310874760931051	-0.159036655928255	0.12794917983515	0.0687936191425722	0.483461920676317	0.722700809258411	0.807122223493726	-0.0687936191425723	"CRC-leaning"	FALSE
"NDUFB6"	"CI_structural"	85	59	-0.0962620220395508	0.133028602621506	-0.229290624661056	-0.0648055832502492	0.509175237671486	0.724158906887172	0.823282144169464	0.0648055832502492	"ESCA-leaning"	FALSE
"NDUFV1"	"CI_structural"	85	59	-0.102660551887303	-0.0251022593632945	-0.0775582925240084	-0.0400797607178465	0.683082537666187	0.850254065940946	0.898091018980069	0.0400797607178465	"ESCA-leaning"	FALSE
"NDUFA12"	"CI_structural"	85	59	-0.0371459725085045	0.103156366796833	-0.140302339305338	-0.0193419740777667	0.843810971897766	0.961964183038191	0.954964696428659	0.0193419740777667	"ESCA-leaning"	FALSE
"NDUFV3"	"CI_structural"	85	59	-0.0565286405690302	0.0514084911819336	-0.107937131750964	0.00219341974077758	0.982174662037468	0.988995319412728	0.99364693678284	-0.00219341974077769	"ESCA-leaning"	FALSE
"DMAC2L"	"CV_assembly"	85	59	0.0608042330422182	0.0972887875096307	-0.0364845544674125	-0.0496510468594218	0.613028391110571	0.800802853252548	0.868173460074094	0.0496510468594218	"ESCA-leaning"	FALSE
"ATP5F1D"	"CV_structural"	85	59	0.0708793381976741	-0.295063383572414	0.365942721770088	0.225124626121635	0.0218385696770065	0.0931350765637041	0.202624176208323	-0.225124626121635	"CRC-leaning"	FALSE
"ATP5ME"	"CV_structural"	85	59	0.0433217591442713	-0.242432297409622	0.285754056553893	0.225523429710867	0.0216058687497692	0.0931350765637041	0.202624176208323	-0.225523429710867	"CRC-leaning"	FALSE
"ATP5F1B"	"CV_structural"	85	59	0.044934592466505	-0.253187074920131	0.298121667386636	0.176470588235294	0.0722460839427776	0.205405532778485	0.353334981740346	-0.176470588235294	"CRC-leaning"	FALSE
"ATP5F1A"	"CV_structural"	85	59	0.000842678791257071	-0.148049330600681	0.148892009391938	0.138584247258225	0.158054067253294	0.369642576640767	0.523407565242719	-0.138584247258225	"CRC-leaning"	FALSE
"ATP5MC3"	"CV_structural"	85	59	-0.13336984379283	-0.0256231967955808	-0.107746646997249	-0.0707876370887338	0.470874534258694	0.722700809258411	0.799329270001792	0.0707876370887337	"ESCA-leaning"	FALSE
"ATP5F1C"	"CV_structural"	85	59	-0.153977311130481	-0.0360436710211245	-0.117933640109356	0.0568295114656032	0.56267241953827	0.773447602769137	0.852708674598843	-0.0568295114656032	"ESCA-leaning"	FALSE
"ATP5PO"	"CV_structural"	85	59	0.0559299871678757	0.0709697553344924	-0.0150397681666167	-0.0348953140578265	0.722252074969522	0.887513142971024	0.905198345709015	0.0348953140578265	"ESCA-leaning"	FALSE
"ATP5MK"	"CV_structural"	85	59	-0.0528315584306077	-0.184744100154391	0.131912541723784	0.0181455633100698	0.853359009594016	0.961964183038191	0.956571237062998	-0.0181455633100698	"CRC-leaning"	FALSE
"ATP5MJ"	"CV_structural"	85	59	-0.170519136894072	-0.120198433637105	-0.0503207032569668	0.0153539381854437	0.875719118352008	0.961964183038191	0.961036657940715	-0.0153539381854436	"ESCA-leaning"	FALSE
"ATP5PF"	"CV_structural"	85	59	-0.171876839135222	-0.129790640821875	-0.0420861983133469	-0.00737786640079763	0.940093452742195	0.973668218911559	0.976049062476263	0.00737786640079752	"ESCA-leaning"	FALSE
"PDSS2"	"CoQ_biosynthesis"	85	59	0.251027283522351	-0.360876378420915	0.611903661943267	0.322432701894317	0.00102213105998712	0.0148209003698133	0.0454276990378028	-0.322432701894317	"CRC-leaning"	TRUE
"PDSS1"	"CoQ_biosynthesis"	85	59	-0.114245566123668	0.208061203170544	-0.322306769294213	-0.178065802592223	0.0697064520885945	0.20396972014167	0.345692364202538	0.178065802592223	"ESCA-leaning"	FALSE
"ISCA2"	"FeS_biogenesis"	85	59	0.271063236594116	-0.394445474086706	0.665508710680822	0.391026919242273	6.80285732454825e-05	0.00273171501701899	0.0134141758362459	-0.391026919242273	"CRC-leaning"	TRUE
"FXN"	"FeS_biogenesis"	85	59	0.0701495321360744	-0.338688562559385	0.40883809469546	0.299302093718844	0.00229795428476111	0.0238002408064543	0.0604947326302964	-0.299302093718843	"CRC-leaning"	FALSE
"HSCB"	"FeS_biogenesis"	85	59	0.0765914889604948	-0.258528336649883	0.335119825610377	0.282951146560319	0.00394913651074741	0.0286312397029187	0.0788246946631263	-0.282951146560319	"CRC-leaning"	FALSE
"GLRX5"	"FeS_biogenesis"	85	59	0.159515071126428	-0.161767657867888	0.321282728994316	0.277367896311067	0.00472328006649708	0.0326131242686703	0.0883115024995519	-0.277367896311067	"CRC-leaning"	FALSE
"FDXR"	"FeS_biogenesis"	85	59	0.0436134326748134	-0.400867314318747	0.44448074699356	0.244666001994018	0.0126948725789536	0.0664970715086949	0.149244794628946	-0.244666001994018	"CRC-leaning"	FALSE
"SLC25A37"	"FeS_biogenesis"	85	59	-0.214992425231841	0.0331303721725316	-0.248122797404373	-0.184047856430708	0.0608274239921816	0.19173861910579	0.324375250375533	0.184047856430708	"ESCA-leaning"	FALSE
"NFS1"	"FeS_biogenesis"	85	59	0.00884197839874735	-0.0387720697844983	0.0476140481832457	0.132602193419741	0.176787662286162	0.388397136840811	0.553078383993861	-0.132602193419741	"CRC-leaning"	FALSE
"LYRM4"	"FeS_biogenesis"	85	59	-0.058812685138312	-0.173744957419277	0.114932272280965	0.107876370887338	0.271833487634604	0.486615502555772	0.652680427900197	-0.107876370887338	"CRC-leaning"	FALSE
"ISCU"	"FeS_biogenesis"	85	59	0.0224050274043794	-0.132965323697761	0.155370351102141	0.0963110667996012	0.326571264275161	0.53205430696515	0.706159198216831	-0.0963110667996012	"CRC-leaning"	FALSE
"FDX2"	"FeS_biogenesis"	85	59	-0.0163510293885498	-0.130174981587626	0.113823952199077	0.0687936191425722	0.483461920676317	0.722700809258411	0.807122223493726	-0.0687936191425723	"CRC-leaning"	FALSE
"ABCB7"	"FeS_biogenesis"	85	59	-0.0648670257382013	-0.163337690654325	0.0984706649161235	0.0580259222333002	0.554477869884878	0.773070107051032	0.847565298073998	-0.0580259222333001	"CRC-leaning"	FALSE
"SLC25A28"	"FeS_biogenesis"	85	59	0.0911275064093469	0.0376616208033858	0.053465885605961	0.0229312063808573	0.815309659633716	0.960420990573911	0.943898935992607	-0.0229312063808574	"CRC-leaning"	FALSE
"ISCA1"	"FeS_biogenesis"	85	59	-0.137889428367957	-0.131525392413337	-0.00636403595462001	0.0213359920239282	0.827949129805095	0.960420990573911	0.949189278191677	-0.0213359920239282	"ESCA-leaning"	FALSE
"SLC25A4"	"mtDNA_maintenance_expression"	85	59	0.04729928988372	-0.205183263669456	0.252482553553176	0.189232303090728	0.0539101740987011	0.173710560984704	0.303487697590813	-0.189232303090728	"CRC-leaning"	FALSE
"MCAT"	"mtFAS"	85	59	0.108408207148385	-0.364793762602693	0.473201969751077	0.388634097706879	7.53576556419031e-05	0.00273171501701899	0.0134141758362459	-0.388634097706879	"CRC-leaning"	TRUE
"MECR"	"mtFAS"	85	59	-0.055967036066422	-0.256664825002907	0.200697788936485	0.106281156530409	0.278985626710132	0.48738452858999	0.658544608031173	-0.106281156530409	"CRC-leaning"	FALSE
