Class	Cell_type	module	patient_N	total_cells	median_program_score	mean_program_score	IQR_program_score
"Normal"	"B cells"	"CIV_assembly"	10	5208	-1.62707072404272	-1.54278108988157	0.276844385326325
"Normal"	"B cells"	"CIV_structural"	10	5208	-1.65532860296407	-1.61345159644116	0.3223702213613
"Normal"	"B cells"	"CI_assembly"	10	5208	-1.61287625746414	-1.48355461837131	0.35868256851351
"Normal"	"B cells"	"CI_structural"	10	5208	-1.89555467188695	-1.81481693169211	0.239809375775923
"Normal"	"B cells"	"FeS_biogenesis"	10	5208	-1.53131896104189	-1.42666663163196	0.40124939561669
"Normal"	"Epithelial cells"	"CIV_assembly"	6	889	0.68801040422731	0.682718250305078	0.151091762216257
"Normal"	"Epithelial cells"	"CIV_structural"	6	889	1.31614737459902	1.33737730343711	0.163441463402056
"Normal"	"Epithelial cells"	"CI_assembly"	6	889	0.499985428825558	0.425397410211315	0.104896365677837
"Normal"	"Epithelial cells"	"CI_structural"	6	889	1.07096748556133	1.11733104369306	0.22966290553163
"Normal"	"Epithelial cells"	"FeS_biogenesis"	6	889	0.322342715674782	0.291731062697242	0.200206500016097
"Normal"	"Stromal cells"	"CIV_assembly"	8	3085	0.310535288945643	0.302607311340915	0.111909210609467
"Normal"	"Stromal cells"	"CIV_structural"	8	3085	-0.119165238431605	-0.0978690966908773	0.0689555142180654
"Normal"	"Stromal cells"	"CI_assembly"	8	3085	0.779618902380038	0.781260218308965	0.0816400155941696
"Normal"	"Stromal cells"	"CI_structural"	8	3085	0.352278643931085	0.296223027992055	0.247012670199325
"Normal"	"Stromal cells"	"FeS_biogenesis"	8	3085	0.489510396165812	0.497338115056569	0.0626652162130008
"Normal"	"T cells"	"CIV_assembly"	10	6376	-0.242627051273126	-0.186002830142595	0.248767626553316
"Normal"	"T cells"	"CIV_structural"	10	6376	-0.299960114557351	-0.313415731590921	0.0437994884507837
"Normal"	"T cells"	"CI_assembly"	10	6376	-0.315141775885602	-0.312412026632507	0.157928708634096
"Normal"	"T cells"	"CI_structural"	10	6376	-0.547907723992563	-0.543204555092249	0.141024403255144
"Normal"	"T cells"	"FeS_biogenesis"	10	6376	-0.223919664851578	-0.156176553899876	0.121676796889325
"Tumor"	"B cells"	"CIV_assembly"	14	3473	-0.970752945138763	-1.00179814282084	0.401764993439731
"Tumor"	"B cells"	"CIV_structural"	14	3473	-0.895317902645856	-1.01617993118272	0.523681809777731
"Tumor"	"B cells"	"CI_assembly"	14	3473	-0.984812508523169	-1.06799544846926	0.340669135098445
"Tumor"	"B cells"	"CI_structural"	14	3473	-0.987208723373173	-1.13323793993118	0.583878109680051
"Tumor"	"B cells"	"FeS_biogenesis"	14	3473	-0.955397946181375	-0.949292901364385	0.218827142880726
"Tumor"	"Epithelial cells"	"CIV_assembly"	22	17456	0.69195981890413	0.707125098844829	0.282565545630095
"Tumor"	"Epithelial cells"	"CIV_structural"	22	17456	0.75078437577373	0.781377903794443	0.271433081879358
"Tumor"	"Epithelial cells"	"CI_assembly"	22	17456	0.764575234457032	0.72069414668168	0.456226183587636
"Tumor"	"Epithelial cells"	"CI_structural"	22	17456	0.892243423310939	0.856103821997524	0.423917355638422
"Tumor"	"Epithelial cells"	"FeS_biogenesis"	22	17456	0.450405460661708	0.489466949961939	0.413019610788997
"Tumor"	"Myeloids"	"CIV_assembly"	15	5925	-0.0394496212896551	-0.0842691508943425	0.424081051977297
"Tumor"	"Myeloids"	"CIV_structural"	15	5925	-0.00200741927103802	0.0131833016176178	0.276681580575492
"Tumor"	"Myeloids"	"CI_assembly"	15	5925	-0.197701992400244	-0.201777314152645	0.489839700945053
"Tumor"	"Myeloids"	"CI_structural"	15	5925	0.0440517649587733	0.0842068840761781	0.409357160286971
"Tumor"	"Myeloids"	"FeS_biogenesis"	15	5925	-0.272937768278451	-0.246060058268943	0.440322007498366
"Tumor"	"Stromal cells"	"CIV_assembly"	11	2331	0.468529716350686	0.400488869631925	0.196983290429497
"Tumor"	"Stromal cells"	"CIV_structural"	11	2331	0.223443303453734	0.134764243962993	0.268990149354793
"Tumor"	"Stromal cells"	"CI_assembly"	11	2331	0.749620541180268	0.735157797526206	0.22181876582818
"Tumor"	"Stromal cells"	"CI_structural"	11	2331	0.629123773581055	0.605646848932988	0.278074037623319
"Tumor"	"Stromal cells"	"FeS_biogenesis"	11	2331	0.5062677007316	0.557509732268204	0.325121989192559
"Tumor"	"T cells"	"CIV_assembly"	23	16739	0.320822718411964	0.317987030346457	0.194864928699194
"Tumor"	"T cells"	"CIV_structural"	23	16739	0.0588879360009481	0.0369157911094411	0.178073911156444
"Tumor"	"T cells"	"CI_assembly"	23	16739	0.142575982584227	0.221898957376317	0.336917421919234
"Tumor"	"T cells"	"CI_structural"	23	16739	0.149418925940379	0.160855516682913	0.249081750455972
"Tumor"	"T cells"	"FeS_biogenesis"	23	16739	0.364951994475314	0.332306038360631	0.299188423758351
