analysis	module	N	groups	group_medians	effect	effect_label	raw_P	underpowered	BH_FDR
"MSI_Kruskal"	"CI_structural"	370	"MSS:254;MSI-H:53;MSI-L:63"	"MSS:0.8427;MSI-H:0.8507;MSI-L:0.8565"	0	"epsilon_squared"	0.482345081814472	FALSE	0.528444312843321
"Stage_Kruskal"	"CI_structural"	358	"I:57;II:136;III:113;IV:52"	"I:0.8452;II:0.8515;III:0.8389;IV:0.8418"	0.0138755115869804	"epsilon_squared"	0.0478673247293835	FALSE	0.0921008366278087
"Stage_Spearman"	"CI_structural"	358	"I:57;II:136;III:113;IV:52"	""	-0.1115025536599	"spearman_rho"	0.0349506634866299	FALSE	0.0582511058110498
"MSI_Kruskal"	"CI_assembly"	370	"MSS:254;MSI-H:53;MSI-L:63"	"MSS:0.6553;MSI-H:0.6565;MSI-L:0.6616"	0	"epsilon_squared"	0.439864417045917	FALSE	0.528444312843321
"Stage_Kruskal"	"CI_assembly"	358	"I:57;II:136;III:113;IV:52"	"I:0.6642;II:0.6631;III:0.6493;IV:0.6609"	0.0129695326811662	"epsilon_squared"	0.0552605019766852	FALSE	0.0921008366278087
"Stage_Spearman"	"CI_assembly"	358	"I:57;II:136;III:113;IV:52"	""	-0.113466643013466	"spearman_rho"	0.0318476585699681	FALSE	0.0582511058110498
"MSI_Kruskal"	"CIV_structural"	370	"MSS:254;MSI-H:53;MSI-L:63"	"MSS:0.9094;MSI-H:0.9059;MSI-L:0.9135"	0	"epsilon_squared"	0.528444312843321	FALSE	0.528444312843321
"Stage_Kruskal"	"CIV_structural"	358	"I:57;II:136;III:113;IV:52"	"I:0.9095;II:0.9118;III:0.9046;IV:0.9131"	0.00555292948597373	"epsilon_squared"	0.174323308043328	FALSE	0.21790413505416
"Stage_Spearman"	"CIV_structural"	358	"I:57;II:136;III:113;IV:52"	""	-0.0661438116006139	"spearman_rho"	0.211851503206021	FALSE	0.211851503206021
"MSI_Kruskal"	"CIV_assembly"	370	"MSS:254;MSI-H:53;MSI-L:63"	"MSS:0.6772;MSI-H:0.6879;MSI-L:0.6892"	0.00880394088988189	"epsilon_squared"	0.0731295207372376	FALSE	0.365647603686188
"Stage_Kruskal"	"CIV_assembly"	358	"I:57;II:136;III:113;IV:52"	"I:0.6807;II:0.6839;III:0.6732;IV:0.6811"	0.00154967105247532	"epsilon_squared"	0.314515447611386	FALSE	0.314515447611386
"Stage_Spearman"	"CIV_assembly"	358	"I:57;II:136;III:113;IV:52"	""	-0.0946210699928151	"spearman_rho"	0.0737651760528448	FALSE	0.092206470066056
"MSI_Kruskal"	"FeS_biogenesis"	370	"MSS:254;MSI-H:53;MSI-L:63"	"MSS:0.6462;MSI-H:0.6575;MSI-L:0.6541"	0.00320010287979972	"epsilon_squared"	0.204493543025898	FALSE	0.511233857564746
"Stage_Kruskal"	"FeS_biogenesis"	358	"I:57;II:136;III:113;IV:52"	"I:0.6572;II:0.6577;III:0.6405;IV:0.6405"	0.0410496150191888	"epsilon_squared"	0.000549356092681317	FALSE	0.00274678046340659
"Stage_Spearman"	"FeS_biogenesis"	358	"I:57;II:136;III:113;IV:52"	""	-0.195659729098299	"spearman_rho"	0.000195178847753406	FALSE	0.00097589423876703
