comparison	module	tumor_N	normal_N	tumor_median	normal_median	tumor_mean	normal_mean	median_difference_tumor_minus_normal	effect_size_rank_biserial	raw_P	BH_FDR
"COADREAD"	"CI_structural"	380	51	0.846444227959084	0.876473453482708	0.844488296972338	0.879826748039693	-0.030029225523624	-0.589267285861713	8.17205689709767e-12	8.23694424665169e-11
"COADREAD"	"CI_assembly"	380	51	0.657915245981491	0.628226984900146	0.659838426436281	0.630698738336055	0.0296882610813444	0.416666666666667	1.34386169702156e-06	2.87970363647477e-06
"COADREAD"	"CIV_structural"	380	51	0.909912323429128	0.932537749634681	0.908029968979927	0.934255943000678	-0.0226254262055529	-0.524922600619195	1.13591739476504e-09	4.25969023036891e-09
"COADREAD"	"CIV_assembly"	380	51	0.680674622503653	0.729006332196785	0.683740802932807	0.726907060924711	-0.0483317096931319	-0.585603715170279	1.09825923288689e-11	8.23694424665169e-11
"COADREAD"	"FeS_biogenesis"	380	51	0.651047247929859	0.645153433999026	0.652146473709847	0.646894549344336	0.00589381393083299	0.0885448916408669	0.304603294807611	0.326360673008155
"COAD"	"CI_structural"	286	41	0.848234291281052	0.876376035070628	0.845910214967692	0.878939208534803	-0.0281417437895762	-0.568821422479959	3.86370565802467e-09	1.1591116974074e-08
"COAD"	"CI_assembly"	286	41	0.659279103750609	0.628470530930346	0.660259504256095	0.629728654081475	0.0308085728202629	0.443032577178919	4.49160595428173e-06	8.42176116427824e-06
"COAD"	"CIV_structural"	286	41	0.910679493424257	0.932489040428641	0.909140895636268	0.932978508547872	-0.0218095470043838	-0.478935698447894	7.08364214178402e-07	1.77091053544601e-06
"COAD"	"CIV_assembly"	286	41	0.68308572820263	0.731514856307842	0.685974218183181	0.729731030140306	-0.0484291281052118	-0.621695377792939	1.21457878781379e-10	6.07289393906897e-10
"COAD"	"FeS_biogenesis"	286	41	0.652471992206527	0.645981490501705	0.653187217069341	0.645978520428166	0.00649050170482213	0.113167320484394	0.241560058854094	0.278723144831647
"READ"	"CI_structural"	94	10	0.84209693132002	0.880808572820263	0.840162035837539	0.883465660009742	-0.0387116415002435	-0.640425531914894	0.000921594711997337	0.00138239206799601
"READ"	"CI_assembly"	94	10	0.654639551875304	0.623380418899172	0.65855727477174	0.634676083779834	0.0312591329761325	0.334042553191489	0.0844149240783333	0.105518655097917
"READ"	"CIV_structural"	94	10	0.90796395518753	0.932854359473941	0.904649915536164	0.939493424257185	-0.0248904042864101	-0.673404255319149	0.000493338737359579	0.000822231228932631
"READ"	"CIV_assembly"	94	10	0.671176327325865	0.701083779834389	0.676945518234861	0.71532878714077	-0.0299074525085241	-0.445744680851064	0.0211930763569382	0.0288996495776429
"READ"	"FeS_biogenesis"	94	10	0.647905504140283	0.64191427179737	0.648979956679898	0.650650267900633	0.00599123234291288	0.0319148936170213	0.872973889807427	0.872973889807427
