model	module	N	events	HR_per_1SD	CI95_low	CI95_high	coefficient	raw_P	PH_assumption_P	BH_FDR
"univariable"	"CI_structural"	367	85	0.955752563193491	0.771969455284128	1.18328899647295	-0.0452562245431467	0.677882663984783	0.246410838450999	0.720482913694477
"adjusted_age_stage_MSI"	"CI_structural"	339	76	1.03900128035175	0.826731756055596	1.30577258302387	0.0382599444086809	0.742816866760925	0.41887244334798	0.90310325405083
"univariable"	"CI_assembly"	367	85	0.833796200706913	0.665679763404401	1.04437019499861	-0.18176627014583	0.113629169468898	0.744847697325708	0.284072923672245
"adjusted_age_stage_MSI"	"CI_assembly"	339	76	0.915281609191182	0.699940993890134	1.19687292419837	-0.0885234914501174	0.51774215605848	0.392726170806295	0.90310325405083
"univariable"	"CIV_structural"	367	85	0.921938449555446	0.743279693028288	1.14354059816397	-0.0812768151859803	0.459584123636034	0.327891351021342	0.720482913694477
"adjusted_age_stage_MSI"	"CIV_structural"	339	76	0.959263822135493	0.760581148244452	1.20984734184109	-0.0415891406438061	0.725420361734763	0.646569702653813	0.90310325405083
"univariable"	"CIV_assembly"	367	85	0.961287737623656	0.774338694753674	1.19337199699101	-0.0394815000266198	0.720482913694477	0.971094649361736	0.720482913694477
"adjusted_age_stage_MSI"	"CIV_assembly"	339	76	0.985297499455201	0.776259011765796	1.2506278802797	-0.0148116535081406	0.90310325405083	0.888803299164499	0.90310325405083
"univariable"	"FeS_biogenesis"	367	85	0.81173065963466	0.644849853359552	1.02179857893762	-0.208586693802373	0.0756798741068316	0.212766044434901	0.284072923672245
"adjusted_age_stage_MSI"	"FeS_biogenesis"	339	76	0.898360431670746	0.696951228654147	1.15797409059757	-0.107183919636973	0.407929518660868	0.40021084088975	0.90310325405083
