row_type	Patient	Class	module	n_cells	module_score	paired_N	effect_size_matched_rank_biserial	raw_P	BH_FDR
"patient_score"	"SMC01"	"Normal"	"CIV_assembly"	159	0.605399204256892	NA	NA	NA	NA
"patient_score"	"SMC01"	"Normal"	"CIV_structural"	159	1.1261910785021	NA	NA	NA	NA
"patient_score"	"SMC01"	"Normal"	"CI_assembly"	159	0.506976709415618	NA	NA	NA	NA
"patient_score"	"SMC01"	"Normal"	"CI_structural"	159	0.98839460594079	NA	NA	NA	NA
"patient_score"	"SMC01"	"Normal"	"FeS_biogenesis"	159	0.567670784078896	NA	NA	NA	NA
"patient_score"	"SMC01"	"Tumor"	"CIV_assembly"	1093	1.07112053383532	NA	NA	NA	NA
"patient_score"	"SMC01"	"Tumor"	"CIV_structural"	1093	1.25742247673817	NA	NA	NA	NA
"patient_score"	"SMC01"	"Tumor"	"CI_assembly"	1093	1.20144449841876	NA	NA	NA	NA
"patient_score"	"SMC01"	"Tumor"	"CI_structural"	1093	1.2504449399305	NA	NA	NA	NA
"patient_score"	"SMC01"	"Tumor"	"FeS_biogenesis"	1093	0.479512176870216	NA	NA	NA	NA
"patient_score"	"SMC02"	"Normal"	"CIV_assembly"	119	0.661987404417645	NA	NA	NA	NA
"patient_score"	"SMC02"	"Normal"	"CIV_structural"	119	1.43425774201234	NA	NA	NA	NA
"patient_score"	"SMC02"	"Normal"	"CI_assembly"	119	0.501392173485287	NA	NA	NA	NA
"patient_score"	"SMC02"	"Normal"	"CI_structural"	119	1.28158198456808	NA	NA	NA	NA
"patient_score"	"SMC02"	"Normal"	"FeS_biogenesis"	119	0.29021637612972	NA	NA	NA	NA
"patient_score"	"SMC02"	"Tumor"	"CIV_assembly"	352	0.674597981266219	NA	NA	NA	NA
"patient_score"	"SMC02"	"Tumor"	"CIV_structural"	352	0.744105232176525	NA	NA	NA	NA
"patient_score"	"SMC02"	"Tumor"	"CI_assembly"	352	0.91357466421615	NA	NA	NA	NA
"patient_score"	"SMC02"	"Tumor"	"CI_structural"	352	0.925649682074338	NA	NA	NA	NA
"patient_score"	"SMC02"	"Tumor"	"FeS_biogenesis"	352	0.506028916976301	NA	NA	NA	NA
"patient_score"	"SMC03"	"Tumor"	"CIV_assembly"	796	1.07322452628389	NA	NA	NA	NA
"patient_score"	"SMC03"	"Tumor"	"CIV_structural"	796	1.25616727713924	NA	NA	NA	NA
"patient_score"	"SMC03"	"Tumor"	"CI_assembly"	796	0.9090410646946	NA	NA	NA	NA
"patient_score"	"SMC03"	"Tumor"	"CI_structural"	796	1.09248730173909	NA	NA	NA	NA
"patient_score"	"SMC03"	"Tumor"	"FeS_biogenesis"	796	0.829728134136661	NA	NA	NA	NA
"patient_score"	"SMC04"	"Normal"	"CIV_assembly"	169	0.816412151670514	NA	NA	NA	NA
"patient_score"	"SMC04"	"Normal"	"CIV_structural"	169	1.26173507991733	NA	NA	NA	NA
"patient_score"	"SMC04"	"Normal"	"CI_assembly"	169	0.368052718284987	NA	NA	NA	NA
"patient_score"	"SMC04"	"Normal"	"CI_structural"	169	0.877549682856712	NA	NA	NA	NA
"patient_score"	"SMC04"	"Normal"	"FeS_biogenesis"	169	0.354469055219845	NA	NA	NA	NA
"patient_score"	"SMC04"	"Tumor"	"CIV_assembly"	307	0.709321656542041	NA	NA	NA	NA
"patient_score"	"SMC04"	"Tumor"	"CIV_structural"	307	0.0623184154169305	NA	NA	NA	NA
"patient_score"	"SMC04"	"Tumor"	"CI_assembly"	307	0.663695369057452	NA	NA	NA	NA
"patient_score"	"SMC04"	"Tumor"	"CI_structural"	307	0.689524341631359	NA	NA	NA	NA
"patient_score"	"SMC04"	"Tumor"	"FeS_biogenesis"	307	0.365989470575266	NA	NA	NA	NA
"patient_score"	"SMC06"	"Tumor"	"CIV_assembly"	189	0.658230394789777	NA	NA	NA	NA
"patient_score"	"SMC06"	"Tumor"	"CIV_structural"	189	0.893621070630275	NA	NA	NA	NA
"patient_score"	"SMC06"	"Tumor"	"CI_assembly"	189	1.2529602938782	NA	NA	NA	NA
"patient_score"	"SMC06"	"Tumor"	"CI_structural"	189	1.08560145547209	NA	NA	NA	NA
"patient_score"	"SMC06"	"Tumor"	"FeS_biogenesis"	189	1.20696018864163	NA	NA	NA	NA
"patient_score"	"SMC07"	"Normal"	"CIV_assembly"	128	0.789506220672125	NA	NA	NA	NA
"patient_score"	"SMC07"	"Normal"	"CIV_structural"	128	1.57890959697946	NA	NA	NA	NA
"patient_score"	"SMC07"	"Normal"	"CI_assembly"	128	0.639041026161891	NA	NA	NA	NA
"patient_score"	"SMC07"	"Normal"	"CI_structural"	128	1.41452501767014	NA	NA	NA	NA
"patient_score"	"SMC07"	"Normal"	"FeS_biogenesis"	128	0.245153992099361	NA	NA	NA	NA
"patient_score"	"SMC07"	"Tumor"	"CIV_assembly"	542	0.8180678458178	NA	NA	NA	NA
"patient_score"	"SMC07"	"Tumor"	"CIV_structural"	542	0.647370511421712	NA	NA	NA	NA
"patient_score"	"SMC07"	"Tumor"	"CI_assembly"	542	1.19137840253768	NA	NA	NA	NA
"patient_score"	"SMC07"	"Tumor"	"CI_structural"	542	0.974055573895228	NA	NA	NA	NA
"patient_score"	"SMC07"	"Tumor"	"FeS_biogenesis"	542	0.827980933385137	NA	NA	NA	NA
"patient_score"	"SMC08"	"Tumor"	"CIV_assembly"	320	0.823775876631447	NA	NA	NA	NA
"patient_score"	"SMC08"	"Tumor"	"CIV_structural"	320	0.596926737155041	NA	NA	NA	NA
"patient_score"	"SMC08"	"Tumor"	"CI_assembly"	320	1.30208769740789	NA	NA	NA	NA
"patient_score"	"SMC08"	"Tumor"	"CI_structural"	320	1.14677746502154	NA	NA	NA	NA
"patient_score"	"SMC08"	"Tumor"	"FeS_biogenesis"	320	0.727658056744494	NA	NA	NA	NA
"patient_score"	"SMC09"	"Normal"	"CIV_assembly"	189	0.508971116776315	NA	NA	NA	NA
"patient_score"	"SMC09"	"Normal"	"CIV_structural"	189	1.3705596692807	NA	NA	NA	NA
"patient_score"	"SMC09"	"Normal"	"CI_assembly"	189	0.0383431497542757	NA	NA	NA	NA
"patient_score"	"SMC09"	"Normal"	"CI_structural"	189	1.05142274243901	NA	NA	NA	NA
"patient_score"	"SMC09"	"Normal"	"FeS_biogenesis"	189	-0.197802263768486	NA	NA	NA	NA
"patient_score"	"SMC09"	"Tumor"	"CIV_assembly"	1887	0.730124893403624	NA	NA	NA	NA
"patient_score"	"SMC09"	"Tumor"	"CIV_structural"	1887	1.2224341437058	NA	NA	NA	NA
"patient_score"	"SMC09"	"Tumor"	"CI_assembly"	1887	0.824056432246477	NA	NA	NA	NA
"patient_score"	"SMC09"	"Tumor"	"CI_structural"	1887	0.865256214636943	NA	NA	NA	NA
"patient_score"	"SMC09"	"Tumor"	"FeS_biogenesis"	1887	0.435397009293146	NA	NA	NA	NA
"patient_score"	"SMC10"	"Normal"	"CIV_assembly"	125	0.714033404036974	NA	NA	NA	NA
"patient_score"	"SMC10"	"Normal"	"CIV_structural"	125	1.25261065393072	NA	NA	NA	NA
"patient_score"	"SMC10"	"Normal"	"CI_assembly"	125	0.49857868416583	NA	NA	NA	NA
"patient_score"	"SMC10"	"Normal"	"CI_structural"	125	1.09051222868365	NA	NA	NA	NA
"patient_score"	"SMC10"	"Normal"	"FeS_biogenesis"	125	0.490678432424116	NA	NA	NA	NA
"patient_score"	"SMC10"	"Tumor"	"CIV_assembly"	511	0.754686514108035	NA	NA	NA	NA
"patient_score"	"SMC10"	"Tumor"	"CIV_structural"	511	0.903824159895044	NA	NA	NA	NA
"patient_score"	"SMC10"	"Tumor"	"CI_assembly"	511	0.776994753757399	NA	NA	NA	NA
"patient_score"	"SMC10"	"Tumor"	"CI_structural"	511	0.919230631984935	NA	NA	NA	NA
"patient_score"	"SMC10"	"Tumor"	"FeS_biogenesis"	511	0.728107472909465	NA	NA	NA	NA
"patient_score"	"SMC11"	"Tumor"	"CIV_assembly"	326	0.123761428553067	NA	NA	NA	NA
"patient_score"	"SMC11"	"Tumor"	"CIV_structural"	326	0.623996903792088	NA	NA	NA	NA
"patient_score"	"SMC11"	"Tumor"	"CI_assembly"	326	0.522300985964023	NA	NA	NA	NA
"patient_score"	"SMC11"	"Tumor"	"CI_structural"	326	0.359900417005655	NA	NA	NA	NA
"patient_score"	"SMC11"	"Tumor"	"FeS_biogenesis"	326	0.50246958134004	NA	NA	NA	NA
"patient_score"	"SMC14"	"Tumor"	"CIV_assembly"	166	0.468298199102475	NA	NA	NA	NA
"patient_score"	"SMC14"	"Tumor"	"CIV_structural"	166	0.702264454534188	NA	NA	NA	NA
"patient_score"	"SMC14"	"Tumor"	"CI_assembly"	166	0.225347258829973	NA	NA	NA	NA
"patient_score"	"SMC14"	"Tumor"	"CI_structural"	166	0.616115652616213	NA	NA	NA	NA
"patient_score"	"SMC14"	"Tumor"	"FeS_biogenesis"	166	0.165705409585045	NA	NA	NA	NA
"patient_score"	"SMC15"	"Tumor"	"CIV_assembly"	319	1.09814047313508	NA	NA	NA	NA
"patient_score"	"SMC15"	"Tumor"	"CIV_structural"	319	1.19723067365696	NA	NA	NA	NA
"patient_score"	"SMC15"	"Tumor"	"CI_assembly"	319	0.910159873022987	NA	NA	NA	NA
"patient_score"	"SMC15"	"Tumor"	"CI_structural"	319	1.07291863409418	NA	NA	NA	NA
"patient_score"	"SMC15"	"Tumor"	"FeS_biogenesis"	319	0.690941262330821	NA	NA	NA	NA
"patient_score"	"SMC16"	"Tumor"	"CIV_assembly"	2720	0.550326451233563	NA	NA	NA	NA
"patient_score"	"SMC16"	"Tumor"	"CIV_structural"	2720	0.593763595601097	NA	NA	NA	NA
"patient_score"	"SMC16"	"Tumor"	"CI_assembly"	2720	0.527508059510666	NA	NA	NA	NA
"patient_score"	"SMC16"	"Tumor"	"CI_structural"	2720	0.570607818850239	NA	NA	NA	NA
"patient_score"	"SMC16"	"Tumor"	"FeS_biogenesis"	2720	0.465413912030271	NA	NA	NA	NA
"patient_score"	"SMC17"	"Tumor"	"CIV_assembly"	505	0.547933166673544	NA	NA	NA	NA
"patient_score"	"SMC17"	"Tumor"	"CIV_structural"	505	0.757463519370935	NA	NA	NA	NA
"patient_score"	"SMC17"	"Tumor"	"CI_assembly"	505	-0.0344564084174716	NA	NA	NA	NA
"patient_score"	"SMC17"	"Tumor"	"CI_structural"	505	0.623577295659071	NA	NA	NA	NA
"patient_score"	"SMC17"	"Tumor"	"FeS_biogenesis"	505	0.157073960459608	NA	NA	NA	NA
"patient_score"	"SMC18"	"Tumor"	"CIV_assembly"	1516	0.487143651812153	NA	NA	NA	NA
"patient_score"	"SMC18"	"Tumor"	"CIV_structural"	1516	0.712710896076997	NA	NA	NA	NA
"patient_score"	"SMC18"	"Tumor"	"CI_assembly"	1516	1.00191369584571	NA	NA	NA	NA
"patient_score"	"SMC18"	"Tumor"	"CI_structural"	1516	0.543623509298311	NA	NA	NA	NA
"patient_score"	"SMC18"	"Tumor"	"FeS_biogenesis"	1516	0.297074775782156	NA	NA	NA	NA
"patient_score"	"SMC19"	"Tumor"	"CIV_assembly"	382	0.673010521194705	NA	NA	NA	NA
"patient_score"	"SMC19"	"Tumor"	"CIV_structural"	382	0.65141104838654	NA	NA	NA	NA
"patient_score"	"SMC19"	"Tumor"	"CI_assembly"	382	0.348931687594899	NA	NA	NA	NA
"patient_score"	"SMC19"	"Tumor"	"CI_structural"	382	0.822932578958216	NA	NA	NA	NA
"patient_score"	"SMC19"	"Tumor"	"FeS_biogenesis"	382	0.369009228042749	NA	NA	NA	NA
"patient_score"	"SMC20"	"Tumor"	"CIV_assembly"	524	0.454536630809343	NA	NA	NA	NA
"patient_score"	"SMC20"	"Tumor"	"CIV_structural"	524	0.199050450375393	NA	NA	NA	NA
"patient_score"	"SMC20"	"Tumor"	"CI_assembly"	524	-0.0466714903698621	NA	NA	NA	NA
"patient_score"	"SMC20"	"Tumor"	"CI_structural"	524	0.566552327483821	NA	NA	NA	NA
"patient_score"	"SMC20"	"Tumor"	"FeS_biogenesis"	524	-0.024493505825753	NA	NA	NA	NA
"patient_score"	"SMC21"	"Tumor"	"CIV_assembly"	1727	0.62229315221006	NA	NA	NA	NA
"patient_score"	"SMC21"	"Tumor"	"CIV_structural"	1727	0.593980301045562	NA	NA	NA	NA
"patient_score"	"SMC21"	"Tumor"	"CI_assembly"	1727	0.752155715156666	NA	NA	NA	NA
"patient_score"	"SMC21"	"Tumor"	"CI_structural"	1727	0.693995950823318	NA	NA	NA	NA
"patient_score"	"SMC21"	"Tumor"	"FeS_biogenesis"	1727	0.330612662061847	NA	NA	NA	NA
"patient_score"	"SMC22"	"Tumor"	"CIV_assembly"	1902	1.0338412334844	NA	NA	NA	NA
"patient_score"	"SMC22"	"Tumor"	"CIV_structural"	1902	0.777850201295247	NA	NA	NA	NA
"patient_score"	"SMC22"	"Tumor"	"CI_assembly"	1902	1.04715297322906	NA	NA	NA	NA
"patient_score"	"SMC22"	"Tumor"	"CI_structural"	1902	1.03716974887971	NA	NA	NA	NA
"patient_score"	"SMC22"	"Tumor"	"FeS_biogenesis"	1902	0.83551908769656	NA	NA	NA	NA
"patient_score"	"SMC23"	"Tumor"	"CIV_assembly"	639	0.4851972433932	NA	NA	NA	NA
"patient_score"	"SMC23"	"Tumor"	"CIV_structural"	639	0.787642284197161	NA	NA	NA	NA
"patient_score"	"SMC23"	"Tumor"	"CI_assembly"	639	0.309123999263128	NA	NA	NA	NA
"patient_score"	"SMC23"	"Tumor"	"CI_structural"	639	0.847727318050788	NA	NA	NA	NA
"patient_score"	"SMC23"	"Tumor"	"FeS_biogenesis"	639	0.283294151101428	NA	NA	NA	NA
"patient_score"	"SMC24"	"Tumor"	"CIV_assembly"	317	0.833537419047709	NA	NA	NA	NA
"patient_score"	"SMC24"	"Tumor"	"CIV_structural"	317	0.870741338825178	NA	NA	NA	NA
"patient_score"	"SMC24"	"Tumor"	"CI_assembly"	317	0.612907407229875	NA	NA	NA	NA
"patient_score"	"SMC24"	"Tumor"	"CI_structural"	317	0.987687611503986	NA	NA	NA	NA
"patient_score"	"SMC24"	"Tumor"	"FeS_biogenesis"	317	0.374287874829978	NA	NA	NA	NA
"patient_score"	"SMC25"	"Tumor"	"CIV_assembly"	416	0.865582381258782	NA	NA	NA	NA
"patient_score"	"SMC25"	"Tumor"	"CIV_structural"	416	1.13801819204166	NA	NA	NA	NA
"patient_score"	"SMC25"	"Tumor"	"CI_assembly"	416	0.643664293922707	NA	NA	NA	NA
"patient_score"	"SMC25"	"Tumor"	"CI_structural"	416	1.14244761433599	NA	NA	NA	NA
"patient_score"	"SMC25"	"Tumor"	"FeS_biogenesis"	416	0.2140021401956	NA	NA	NA	NA
"paired_test"	NA	"Tumor_minus_Normal"	"CI_structural"	NA	-0.187095934513708	6	-0.619047619047619	0.208412803684149	0.208412803684149
"paired_test"	NA	"Tumor_minus_Normal"	"CI_assembly"	NA	0.482259933553325	6	1	0.0360316862182336	0.147930169564649
"paired_test"	NA	"Tumor_minus_Normal"	"CIV_structural"	NA	-0.519469501935745	6	-0.904761904761905	0.0591720678258594	0.147930169564649
"paired_test"	NA	"Tumor_minus_Normal"	"CIV_assembly"	NA	0.0346073676083679	6	0.619047619047619	0.208412803684149	0.208412803684149
"paired_test"	NA	"Tumor_minus_Normal"	"FeS_biogenesis"	NA	0.226620790665965	6	0.80952380952381	0.0934924836898357	0.155820806149726
