level	feature	module	N	spearman_rho	raw_P	correlation_direction	protein_paired_direction	protein_paired_median_difference	QC_warning	BH_FDR
gene	NDUFA1	CI_structural	15	-0.11438789196753243	0.6847975421113996	inverse_concordance	NA	NA	RNA tumor-normal direction unavailable	0.7778768196799394
gene	NDUFA10	CI_structural	96	0.06189503981954508	0.5491223732050526	positive_concordance	tumor_lower	-0.42139750453019964	RNA tumor-normal direction unavailable	0.683482102819055
gene	NDUFA11	CI_structural	96	-0.22062145229592392	0.030771577138283365	inverse_concordance	tumor_lower	-0.48046508918184827	RNA tumor-normal direction unavailable	0.1111809505303885
gene	NDUFA12	CI_structural	96	-0.1425199416065294	0.16599299390939015	inverse_concordance	tumor_lower	-0.4211076016375994	RNA tumor-normal direction unavailable	0.3249886332561841
gene	NDUFA13	CI_structural	96	0.02013131480526267	0.8456421500914597	positive_concordance	tumor_lower	-0.24934451308380012	RNA tumor-normal direction unavailable	0.8758390981388435
gene	NDUFA2	CI_structural	96	-0.142310157835131	0.1666236171801197	inverse_concordance	tumor_lower	-0.5705431767875506	RNA tumor-normal direction unavailable	0.3249886332561841
gene	NDUFA3	CI_structural	96	-0.01454937635045062	0.8881115017798614	inverse_concordance	tumor_lower	-0.3668881073221488	RNA tumor-normal direction unavailable	0.9035569192021198
gene	NDUFA5	CI_structural	96	0.15034610529945172	0.14371025456148953	positive_concordance	tumor_lower	-0.28906220362335056	RNA tumor-normal direction unavailable	0.3002517818516835
gene	NDUFA6	CI_structural	96	0.0539783423275729	0.6014401688022963	positive_concordance	tumor_lower	-0.4952210928077001	RNA tumor-normal direction unavailable	0.7330052057277987
gene	NDUFA8	CI_structural	96	0.01909432537471523	0.8535023841252565	positive_concordance	tumor_lower	-0.31456562697320045	RNA tumor-normal direction unavailable	0.8759629731811843
gene	NDUFA9	CI_structural	96	-0.10152580389454459	0.32498716628379204	inverse_concordance	tumor_lower	-0.6779025928709004	RNA tumor-normal direction unavailable	0.49381166824939826
gene	NDUFAB1	CI_structural	96	0.0732277244017573	0.4783019426798977	positive_concordance	tumor_higher	0.10876180424574855	RNA tumor-normal direction unavailable	0.6583685563946827
gene	NDUFB1	CI_structural	96	-0.023766727964224348	0.8182103064744325	inverse_concordance	tumor_lower	-0.3549647656250503	RNA tumor-normal direction unavailable	0.8691601921183176
gene	NDUFB10	CI_structural	96	-0.033474421216419054	0.7461081019767495	inverse_concordance	tumor_lower	-0.34363850763095094	RNA tumor-normal direction unavailable	0.8158378311334551
gene	NDUFB11	CI_structural	96	0.06424722170558032	0.534015122584096	positive_concordance	tumor_lower	-0.21781655978810122	RNA tumor-normal direction unavailable	0.683482102819055
gene	NDUFB2	CI_structural	96	0.03384001800111801	0.7434307369964949	positive_concordance	tumor_lower	-0.35785440548205116	RNA tumor-normal direction unavailable	0.8158378311334551
gene	NDUFB3	CI_structural	96	-0.02659576278793834	0.7970119099553645	inverse_concordance	tumor_lower	-0.386618701636948	RNA tumor-normal direction unavailable	0.8634295691183115
gene	NDUFB4	CI_structural	96	-0.1413808431787151	0.16943851819339514	inverse_concordance	tumor_lower	-0.40052268702605076	RNA tumor-normal direction unavailable	0.3249886332561841
gene	NDUFB5	CI_structural	96	-0.11230833471717055	0.27596485600632226	inverse_concordance	tumor_lower	-0.30696822392479994	RNA tumor-normal direction unavailable	0.4484428910102737
gene	NDUFB6	CI_structural	96	0.13132823992626314	0.2021588852752335	positive_concordance	tumor_lower	-0.24631784607435137	RNA tumor-normal direction unavailable	0.35302372503287044
gene	NDUFB7	CI_structural	96	-0.06539919835361048	0.5266924809180606	inverse_concordance	tumor_lower	-0.46191407755175007	RNA tumor-normal direction unavailable	0.683482102819055
gene	NDUFB8	CI_structural	96	-0.13203010312943883	0.1997369371274168	inverse_concordance	tumor_lower	-0.3443627251535002	RNA tumor-normal direction unavailable	0.35302372503287044
gene	NDUFB9	CI_structural	96	-0.054506484425569685	0.5978819385180046	inverse_concordance	tumor_lower	-0.46202876059284925	RNA tumor-normal direction unavailable	0.7330052057277987
gene	NDUFC1	CI_structural	43	-0.15042476970203117	0.33563378829633367	inverse_concordance	tumor_lower	-0.08270805505739887	RNA tumor-normal direction unavailable	0.5034506824445005
gene	NDUFC2	CI_structural	96	-0.025381709232347886	0.8060919304664559	inverse_concordance	tumor_lower	-0.4041806546597506	RNA tumor-normal direction unavailable	0.8652546409594067
gene	NDUFS1	CI_structural	96	-0.0713839978488624	0.4894788883993461	inverse_concordance	tumor_lower	-0.5498608236671991	RNA tumor-normal direction unavailable	0.6659189528223662
gene	NDUFS2	CI_structural	96	-0.16390017735265808	0.11056436700034342	inverse_concordance	tumor_lower	-0.36493980663104963	RNA tumor-normal direction unavailable	0.25364766547137607
gene	NDUFS3	CI_structural	96	-0.11111940189849726	0.2811126155401594	inverse_concordance	tumor_lower	-0.3622211037541003	RNA tumor-normal direction unavailable	0.4505503564136802
gene	NDUFS4	CI_structural	96	-0.08496321971740821	0.41047903567894467	inverse_concordance	tumor_lower	-0.6053863996601994	RNA tumor-normal direction unavailable	0.5786270743908015
gene	NDUFS5	CI_structural	96	-0.0779684125787537	0.45020418502685666	inverse_concordance	tumor_lower	-0.424718752422498	RNA tumor-normal direction unavailable	0.627070114858836
gene	NDUFS6	CI_structural	96	-0.2523257681430227	0.01313221933906491	inverse_concordance	tumor_lower	-0.5786423227620503	RNA tumor-normal direction unavailable	0.052981712505882565
gene	NDUFS7	CI_structural	96	-0.11324312415370234	0.2719621684451027	inverse_concordance	tumor_lower	-0.3725814767766007	RNA tumor-normal direction unavailable	0.4481630099729157
gene	NDUFS8	CI_structural	96	-0.18039681287204193	0.07860687823865356	inverse_concordance	tumor_lower	-0.40696402969539847	RNA tumor-normal direction unavailable	0.20437788342049926
gene	NDUFV1	CI_structural	96	-0.13222905110291247	0.1990542280875068	inverse_concordance	tumor_lower	-0.5573608320360517	RNA tumor-normal direction unavailable	0.35302372503287044
gene	NDUFV2	CI_structural	96	-0.046577563216903144	0.6522550864043445	inverse_concordance	tumor_lower	-0.5479717951330993	RNA tumor-normal direction unavailable	0.7605328345129899
gene	NDUFV3	CI_structural	96	0.1023270337089209	0.32116355474904607	positive_concordance	tumor_lower	-0.28473416415080166	RNA tumor-normal direction unavailable	0.49381166824939826
module	CI_structural	CI_structural	96	0.03190482811495674	0.7576365989772023	positive_concordance	tumor_lower	-0.04329370268801053	RNA tumor-normal direction unavailable	0.9470457487215028
gene	ACAD9	CI_assembly	96	0.3371887203553823	0.0007810214017542127	positive_concordance	tumor_higher	0.20299294272779989	RNA tumor-normal direction unavailable	0.005375264941484876
gene	DMAC1	CI_assembly	20	0.35037593984962395	0.12989410232900503	positive_concordance	tumor_higher	0.14499572941630134	RNA tumor-normal direction unavailable	0.2867473579715772
gene	DMAC2	CI_assembly	96	0.1340053048410885	0.19303310564055323	positive_concordance	tumor_higher	0.1332976062914497	RNA tumor-normal direction unavailable	0.35288864624913635
gene	ECSIT	CI_assembly	96	0.15347621065646816	0.13545933957658005	positive_concordance	tumor_lower	-0.17913198143379994	RNA tumor-normal direction unavailable	0.28815895873563396
gene	FOXRED1	CI_assembly	96	0.1615872485895012	0.11575566161003105	positive_concordance	tumor_higher	0.10474823189034943	RNA tumor-normal direction unavailable	0.2604502386225699
gene	LYRM2	CI_assembly	96	0.27068311879876883	0.007644268628347345	positive_concordance	tumor_higher	0.10376455839415044	RNA tumor-normal direction unavailable	0.03312516405617182
gene	NDUFAF1	CI_assembly	85	0.21299861275299814	0.05032440042018681	positive_concordance	tumor_higher	0.10203367902220073	RNA tumor-normal direction unavailable	0.1471988712290464
gene	NDUFAF2	CI_assembly	96	0.1959466336068713	0.05570717996797397	positive_concordance	tumor_higher	0.3380526191473514	RNA tumor-normal direction unavailable	0.15518428705364176
gene	NDUFAF3	CI_assembly	96	0.06276284037395703	0.5435247169310535	positive_concordance	tumor_higher	0.07989180187740175	RNA tumor-normal direction unavailable	0.683482102819055
gene	NDUFAF4	CI_assembly	96	0.31897063428279354	0.0015375967860127829	positive_concordance	tumor_higher	0.1807406174041013	RNA tumor-normal direction unavailable	0.009468359155973452
gene	NDUFAF5	CI_assembly	65	0.20582868068039262	0.09998832218223325	positive_concordance	tumor_higher	0.31241476265719825	RNA tumor-normal direction unavailable	0.24696641173401299
gene	NDUFAF6	CI_assembly	37	0.39703616165204997	0.014968668431435456	positive_concordance	tumor_lower	-0.017771408652702547	RNA tumor-normal direction unavailable	0.05837780688259828
gene	NDUFAF7	CI_assembly	96	0.39851437986752586	5.785606191238715e-05	positive_concordance	tumor_higher	0.12992468856015016	RNA tumor-normal direction unavailable	0.0006769159243749296
gene	NDUFAF8	CI_assembly	73	0.23716079690939917	0.04335740226309902	positive_concordance	tumor_higher	0.05022526040874986	RNA tumor-normal direction unavailable	0.13349515959954172
gene	NUBPL	CI_assembly	96	0.5850083598602436	3.8733421027428635e-10	positive_concordance	tumor_lower	-0.15426073756829872	RNA tumor-normal direction unavailable	1.510603420069717e-08
gene	PYURF	CI_assembly	96	0.004781962856441811	0.9631189808448335	positive_concordance	tumor_lower	-0.24340866347215062	RNA tumor-normal direction unavailable	0.9631189808448335
gene	SFXN4	CI_assembly	96	0.11988143478688308	0.24466401146899697	positive_concordance	tumor_higher	0.1608052536087996	RNA tumor-normal direction unavailable	0.4209660197334213
gene	TIMMDC1	CI_assembly	96	0.19248366217007717	0.06026468700671259	positive_concordance	tumor_higher	0.11766373041895051	RNA tumor-normal direction unavailable	0.1602492813587585
gene	TMEM126A	CI_assembly	96	0.10608604267329551	0.303612655647277	positive_concordance	tumor_higher	0.022439442026902512	RNA tumor-normal direction unavailable	0.4800362258206948
gene	TMEM126B	CI_assembly	48	0.23792850964155426	0.1034303775638174	positive_concordance	tumor_higher	0.06178674375720128	RNA tumor-normal direction unavailable	0.24696641173401299
gene	TMEM186	CI_assembly	35	0.19530649184038187	0.2608621489371229	positive_concordance	tumor_lower	-0.1305606398457968	RNA tumor-normal direction unavailable	0.4360124489377626
module	CI_assembly	CI_assembly	96	0.115389702217505	0.2629193283167503	positive_concordance	tumor_higher	0.028698207138387888	RNA tumor-normal direction unavailable	0.6572983207918758
gene	COX4I1	CIV_structural	96	0.04726342862934262	0.6474736593477888	positive_concordance	tumor_lower	-0.24867339858159987	RNA tumor-normal direction unavailable	0.7605328345129899
gene	COX5A	CIV_structural	96	0.02009780984913062	0.8458958811084557	positive_concordance	tumor_lower	-0.18683572915495006	RNA tumor-normal direction unavailable	0.8758390981388435
gene	COX5B	CIV_structural	96	0.022919118408317417	0.8245878745737886	positive_concordance	tumor_lower	-0.3957783606730505	RNA tumor-normal direction unavailable	0.8691601921183176
gene	COX6A1	CIV_structural	96	-0.15372927852970522	0.13480832553000918	inverse_concordance	tumor_lower	-0.3941434720284498	RNA tumor-normal direction unavailable	0.28815895873563396
gene	COX6B1	CIV_structural	96	0.04604265810647987	0.6559939098149604	positive_concordance	tumor_lower	-0.6156792662387485	RNA tumor-normal direction unavailable	0.7605328345129899
gene	COX6C	CIV_structural	96	0.009285542304364194	0.9284544922886654	positive_concordance	tumor_lower	-0.2470909030609505	RNA tumor-normal direction unavailable	0.9364584103256366
gene	COX7A1	CIV_structural	60	0.3967879075693303	0.0016964846147627473	positive_concordance	tumor_lower	-1.0767860560012021	RNA tumor-normal direction unavailable	0.00992443499636207
gene	COX7A2	CIV_structural	96	-0.06375863975361222	0.5371360419156747	inverse_concordance	tumor_lower	-0.18620897548704995	RNA tumor-normal direction unavailable	0.683482102819055
gene	COX7A2L	CIV_structural	96	0.08912600428667561	0.38784394141014694	positive_concordance	tumor_lower	-0.24769103812634974	RNA tumor-normal direction unavailable	0.5592325228025625
gene	COX7B	CIV_structural	96	-0.08836207659239265	0.39194074247700966	inverse_concordance	tumor_lower	-0.10937770611179864	RNA tumor-normal direction unavailable	0.5592325228025625
gene	COX7C	CIV_structural	96	0.06489793575933148	0.5298725909254461	positive_concordance	tumor_lower	-0.12970561913295064	RNA tumor-normal direction unavailable	0.683482102819055
gene	NDUFA4	CIV_structural	96	0.08974459001459123	0.38454547286655694	positive_concordance	tumor_higher	0.075111005687301	RNA tumor-normal direction unavailable	0.5592325228025625
gene	NDUFA4L2	CIV_structural	52	0.7506457549917552	1.4756060270743304e-10	positive_concordance	tumor_higher	0.13871633389874916	RNA tumor-normal direction unavailable	8.632295258384834e-09
module	CIV_structural	CIV_structural	96	-0.04456049918610961	0.6663979027887602	inverse_concordance	tumor_lower	-0.004961486672728055	RNA tumor-normal direction unavailable	0.9470457487215028
gene	CMC1	CIV_assembly	96	0.06348797237824608	0.5388688604295885	positive_concordance	tumor_higher	0.22781864774979965	RNA tumor-normal direction unavailable	0.683482102819055
gene	CMC2	CIV_assembly	96	0.27662713434850533	0.006365518558007351	positive_concordance	tumor_higher	0.2851954215438006	RNA tumor-normal direction unavailable	0.029790626851474402
gene	CMC4	CIV_assembly	74	0.16298753748033123	0.16528950923931385	positive_concordance	tumor_lower	-0.18005300362775145	RNA tumor-normal direction unavailable	0.3249886332561841
gene	COA3	CIV_assembly	96	0.2736263761444862	0.006985234963891759	positive_concordance	tumor_higher	0.04048007354024996	RNA tumor-normal direction unavailable	0.031433557337512914
gene	COA4	CIV_assembly	96	0.13610665550451168	0.1860813342127163	positive_concordance	tumor_lower	-0.0232674338852501	RNA tumor-normal direction unavailable	0.34557962068075887
gene	COA5	CIV_assembly	96	0.28591875842432984	0.004743894764690608	positive_concordance	tumor_lower	-0.3808389291829499	RNA tumor-normal direction unavailable	0.02413198641168701
gene	COA6	CIV_assembly	96	0.20241951158791963	0.04794639731710095	positive_concordance	tumor_lower	-0.057921138866900534	RNA tumor-normal direction unavailable	0.14383919195130285
gene	COA7	CIV_assembly	96	0.26674399479952976	0.008611803238044462	positive_concordance	tumor_higher	0.31382125019224993	RNA tumor-normal direction unavailable	0.035985034958971505
gene	COQ10B	CIV_assembly	68	-0.04375381875692156	0.723126250743181	inverse_concordance	tumor_lower	-0.7573402975461008	RNA tumor-normal direction unavailable	0.8119086111592417
gene	COX11	CIV_assembly	57	0.15350706728266444	0.2542657145551787	positive_concordance	tumor_lower	-0.06225359968990318	RNA tumor-normal direction unavailable	0.43114621163704214
gene	COX14	CIV_assembly	72	0.041597658959670505	0.7286359330916272	positive_concordance	tumor_higher	0.15685448918459954	RNA tumor-normal direction unavailable	0.8119086111592417
gene	COX15	CIV_assembly	79	0.04766831838322387	0.6765545385339008	positive_concordance	tumor_higher	0.1120927148962032	RNA tumor-normal direction unavailable	0.7760478530241802
gene	COX17	CIV_assembly	96	0.048518105386922465	0.6387638809726681	positive_concordance	tumor_lower	-0.034933666475549074	RNA tumor-normal direction unavailable	0.7605328345129899
gene	COX18	CIV_assembly	44	0.4844383592944401	0.0008616718653594624	positive_concordance	tumor_higher	0.020540562684097097	RNA tumor-normal direction unavailable	0.0056008671248365055
gene	COX19	CIV_assembly	84	-0.0492302086612962	0.6565283443231794	inverse_concordance	tumor_lower	-0.0724563932189497	RNA tumor-normal direction unavailable	0.7605328345129899
gene	COX20	CIV_assembly	92	0.3826637199851007	0.00016685641439973244	positive_concordance	tumor_higher	0.30223661538769875	RNA tumor-normal direction unavailable	0.0016268500403973914
gene	HIGD1A	CIV_assembly	96	0.21868365325863498	0.03230899417122401	positive_concordance	tumor_lower	-0.4878000013668	RNA tumor-normal direction unavailable	0.1111809505303885
gene	HIGD2A	CIV_assembly	96	0.21567576845570396	0.0348234068512816	positive_concordance	tumor_lower	-0.05388162627130022	RNA tumor-normal direction unavailable	0.1131760722666652
gene	PET100	CIV_assembly	85	0.07241136714462326	0.5101652258456109	positive_concordance	tumor_lower	-0.06377879168880085	RNA tumor-normal direction unavailable	0.683482102819055
gene	PET117	CIV_assembly	55	0.541961327624216	1.9245396221428845e-05	positive_concordance	tumor_higher	0.12370386943970146	RNA tumor-normal direction unavailable	0.00028146391973839685
gene	PNKD	CIV_assembly	96	0.34772139316434675	0.0005179127938842876	positive_concordance	tumor_lower	-0.12260722333939889	RNA tumor-normal direction unavailable	0.003918124875763487
gene	RAB5IF	CIV_assembly	88	0.5113092494561645	3.5679304158844303e-07	positive_concordance	tumor_higher	0.5488033535928007	RNA tumor-normal direction unavailable	8.348957173169567e-06
gene	SCO1	CIV_assembly	96	0.44093986334235813	6.9129188313548015e-06	positive_concordance	tumor_lower	-0.06248652843675018	RNA tumor-normal direction unavailable	0.00013480191721141862
gene	SCO2	CIV_assembly	96	0.417126482149955	2.3594161011323108e-05	positive_concordance	tumor_lower	-0.11337290288185109	RNA tumor-normal direction unavailable	0.00030672409314720043
gene	SMIM20	CIV_assembly	78	0.18444883064113973	0.10596224253668146	positive_concordance	tumor_lower	-0.013350718616099044	RNA tumor-normal direction unavailable	0.2479516475358346
gene	SURF1	CIV_assembly	96	0.27966762905487086	0.005787744451468336	positive_concordance	tumor_higher	0.07176017481410035	RNA tumor-normal direction unavailable	0.028215254200908136
gene	TACO1	CIV_assembly	96	0.16820540892428099	0.10138513721176919	positive_concordance	tumor_lower	-0.15121780854189915	RNA tumor-normal direction unavailable	0.24696641173401299
gene	TIMM21	CIV_assembly	96	0.5607344807470931	2.823148592124089e-09	positive_concordance	tumor_lower	-0.279520163101699	RNA tumor-normal direction unavailable	8.257709631962959e-08
gene	TMEM177	CIV_assembly	40	0.1406323301057212	0.3867392000834089	positive_concordance	tumor_higher	0.15551908729004715	RNA tumor-normal direction unavailable	0.5592325228025625
gene	TMEM223	CIV_assembly	78	0.23968029231919702	0.03455498070607213	positive_concordance	tumor_lower	-0.010829778596200157	RNA tumor-normal direction unavailable	0.1131760722666652
module	CIV_assembly	CIV_assembly	96	0.19152197504069451	0.06158292728591393	positive_concordance	tumor_higher	0.009929069265440599	RNA tumor-normal direction unavailable	0.3079146364295696
gene	ABCB7	FeS_biogenesis	96	0.21904855640699195	0.03201463631381518	positive_concordance	tumor_higher	0.058214776453000994	RNA tumor-normal direction unavailable	0.1111809505303885
gene	BOLA1	FeS_biogenesis	66	0.23399858089395534	0.05861936819373003	positive_concordance	tumor_lower	-0.39433970730020107	RNA tumor-normal direction unavailable	0.15949921113177706
gene	BOLA3	FeS_biogenesis	82	0.3803972797227409	0.00042304748946553035	positive_concordance	tumor_lower	-0.053447511965849515	RNA tumor-normal direction unavailable	0.0035354683048190753
gene	FDX1	FeS_biogenesis	96	0.36340944095053035	0.0002733992824733474	positive_concordance	tumor_lower	-0.09609876435649944	RNA tumor-normal direction unavailable	0.0024605935422601266
gene	FDX2	FeS_biogenesis	96	0.14196178502830234	0.16767475992660733	positive_concordance	tumor_lower	-0.23788459635204973	RNA tumor-normal direction unavailable	0.3249886332561841
gene	FDXR	FeS_biogenesis	96	0.3953035664723958	6.718068421924928e-05	positive_concordance	tumor_higher	0.20088752963149936	RNA tumor-normal direction unavailable	0.0007145581866956515
gene	FXN	FeS_biogenesis	96	0.13868652810352666	0.17779776052223142	positive_concordance	tumor_lower	-0.042214445910801146	RNA tumor-normal direction unavailable	0.33552158034033996
gene	GLRX5	FeS_biogenesis	96	0.2137149838735682	0.03654946664972715	positive_concordance	tumor_lower	-0.06911489523255021	RNA tumor-normal direction unavailable	0.11557534048697504
gene	HSCB	FeS_biogenesis	94	0.30081283269153014	0.003218889011390084	positive_concordance	tumor_lower	-0.2999437233936	RNA tumor-normal direction unavailable	0.017118637015119995
gene	HSPA9	FeS_biogenesis	96	0.4308554324787362	1.175839784339806e-05	positive_concordance	tumor_higher	0.5558031993230497	RNA tumor-normal direction unavailable	0.00019653322109679616
gene	IBA57	FeS_biogenesis	96	0.2338815562578287	0.021822088615915596	positive_concordance	tumor_lower	-0.12519001541610209	RNA tumor-normal direction unavailable	0.08236078606652016
gene	ISCA1	FeS_biogenesis	80	0.18806925568669425	0.09479844424407853	positive_concordance	tumor_higher	0.2965519092653004	RNA tumor-normal direction unavailable	0.2411177820990693
gene	ISCA2	FeS_biogenesis	87	0.2061727902117462	0.05538098810155612	positive_concordance	tumor_lower	-0.25189610385359984	RNA tumor-normal direction unavailable	0.15518428705364176
gene	ISCU	FeS_biogenesis	96	-0.1041518293059064	0.31256368488650904	inverse_concordance	tumor_higher	0.08718878247499973	RNA tumor-normal direction unavailable	0.4875993484229541
gene	LYRM4	FeS_biogenesis	96	0.3134778396215866	0.0018709075731904471	positive_concordance	tumor_higher	0.11872970517135073	RNA tumor-normal direction unavailable	0.010423627907775347
gene	NFS1	FeS_biogenesis	96	0.6324386331840967	4.791743295538561e-12	positive_concordance	tumor_higher	0.02331411037014952	RNA tumor-normal direction unavailable	5.606339655780116e-10
gene	NFU1	FeS_biogenesis	96	0.3468640231817601	0.0005358119488223572	positive_concordance	tumor_higher	0.05447475169749971	RNA tumor-normal direction unavailable	0.003918124875763487
module	FeS_biogenesis	FeS_biogenesis	96	-0.003052120036647745	0.9764555498944262	inverse_concordance	tumor_higher	0.008814996797090247	RNA tumor-normal direction unavailable	0.9764555498944262
