modality	module	tumor_N	normal_N	paired_N	tumor_median	normal_median	paired_median_difference_tumor_minus_normal	CI95_low	CI95_high	effect_size_matched_rank_biserial	test	raw_P	evaluable	QC_warning	BH_FDR
Protein	CI_structural	97	100	96	0.7644710971649553	0.8094406343065623	-0.04329370268801053	-0.049130509362512086	-0.03428154194165822	-0.8664089347079038	paired_Wilcoxon	1.6967724727952292e-13	True		8.483862363976146e-13
RNA	CI_structural	106	0	0	0.9515645888003168	NA	NA	NA	NA	NA	not_evaluable_no_CPTAC_normal_RNA	NA	False	Frozen CPTAC processed RNA matrix contains tumor samples only; no paired-normal RNA comparison was fabricated.	NA
Protein	CI_assembly	97	100	96	0.3575779946487815	0.3307650506377873	0.028698207138387888	0.009119238005644403	0.0416546134567326	0.5128865979381443	paired_Wilcoxon	1.2814605701643783e-05	True		3.203651425410946e-05
RNA	CI_assembly	106	0	0	0.8874420293442921	NA	NA	NA	NA	NA	not_evaluable_no_CPTAC_normal_RNA	NA	False	Frozen CPTAC processed RNA matrix contains tumor samples only; no paired-normal RNA comparison was fabricated.	NA
Protein	CIV_structural	97	100	96	0.9462651081207005	0.9521730281578702	-0.004961486672728055	-0.008969613979157853	0.0009645253899521138	-0.27448453608247425	paired_Wilcoxon	0.01953795666709495	True		0.03256326111182492
RNA	CIV_structural	106	0	0	0.9772614744764074	NA	NA	NA	NA	NA	not_evaluable_no_CPTAC_normal_RNA	NA	False	Frozen CPTAC processed RNA matrix contains tumor samples only; no paired-normal RNA comparison was fabricated.	NA
Protein	CIV_assembly	97	100	96	0.44826401992495996	0.4383848214249534	0.009929069265440599	-0.00494412642677855	0.020978343882694928	0.211340206185567	paired_Wilcoxon	0.07218954061374573	True		0.09023692576718216
RNA	CIV_assembly	106	0	0	0.8902827977752472	NA	NA	NA	NA	NA	not_evaluable_no_CPTAC_normal_RNA	NA	False	Frozen CPTAC processed RNA matrix contains tumor samples only; no paired-normal RNA comparison was fabricated.	NA
Protein	FeS_biogenesis	97	100	96	0.5342480639818553	0.5236226089382057	0.008814996797090247	-0.0017800248434632904	0.02009013295377593	0.18084192439862543	paired_Wilcoxon	0.12393499624543412	True		0.12393499624543412
RNA	FeS_biogenesis	106	0	0	0.8703148982522156	NA	NA	NA	NA	NA	not_evaluable_no_CPTAC_normal_RNA	NA	False	Frozen CPTAC processed RNA matrix contains tumor samples only; no paired-normal RNA comparison was fabricated.	NA
