pathway_major	N_organoids	n_tier1_genes	median_primary_score	mean_primary_score	IQR_primary	MAD_primary	median_rank_sensitivity	median_tier1plus2_sensitivity	spearman_primary_vs_rank	spearman_primary_vs_tier1plus2	n_CRC	n_ESCA	median_CRC	median_ESCA	median_difference_CRC_minus_ESCA	hodges_lehmann_shift	CI95_low	CI95_high	U	rank_biserial_CRC_vs_ESCA	raw_P	BH_FDR	abs_effect	reason_shortlisted
OXPHOS	162	246	-0.0371216919117875	-0.030869521598184	0.179455194405855	0.0880492544289931	0.5	-0.0392253895041324	0.989813711137735	0.957990913979178	85	59	0.011770595156642	-0.0884930208521234	0.100263616008765	0.0977085276121189	0.0521804849981727	0.143135735711946	3536	0.410169491525424	2.96632469082962e-05	0.00062292818507422	0.410169491525424	data-driven pathway scout: FDR=0.000623, |rank-biserial|=0.41, MAD=0.088
PPP	162	27	-0.0602593428225685	-0.0497236341854432	0.276053176514792	0.138476259092837	0.487654320987654	-0.0458543306030358	0.970674808484538	0.9139608304719	85	59	-0.0305886849270752	-0.0886279383714567	0.0580392534443815	0.0816947139205942	0.00976594404268	0.153283683686646	3049	0.215952143569292	0.027970487895862	0.293690122906551	0.215952143569292	data-driven pathway scout: FDR=0.294, |rank-biserial|=0.216, MAD=0.138
BCAA	162	52	-0.0458499439939842	-0.0322945117718477	0.172737956747362	0.0895599008095181	0.5	-0.0458499439939842	0.96823182941134	1	85	59	-0.0279799764226248	-0.060055848839537	0.0320758724169121	0.0488935665187057	0.000643921304191626	0.0971585632656582	2997	0.195214356929212	0.0469821747150353	0.328875223005247	0.195214356929212	data-driven pathway scout: FDR=0.329, |rank-biserial|=0.195, MAD=0.0896
riboflavin	162	18	-0.0174464461400597	-0.0153587130585501	0.324818268596975	0.166012495971181	0.503086419753086	-0.0174464461400597	0.979644060618628	1	85	59	-0.0417667041991915	0.0162497705330534	-0.0580164747322449	-0.0633245442536763	-0.160621219493025	0.020216887585438	2150	-0.142572283150548	0.14699207909878	0.532686440178616	0.142572283150548	data-driven pathway scout: FDR=0.533, |rank-biserial|=0.143, MAD=0.166
zinc	162	15	-0.00704487195474056	-0.00127376083502347	0.407151359553186	0.203763782195135	0.503086419753086	-0.00704487195474056	0.981315246328127	1	85	59	-0.00507702151549691	-0.0685304795657965	0.0634534580502996	0.0749820249191219	-0.028039818184493	0.173868479384541	2856	0.138983050847458	0.157456565508812	0.532686440178616	0.138983050847458	data-driven pathway scout: FDR=0.533, |rank-biserial|=0.139, MAD=0.204
NAD	162	43	-0.00666658983708209	-0.0159099458285968	0.179702432361217	0.0944544900749085	0.5	-0.00666658983708209	0.967948298520651	1	85	59	-0.0311353595985381	0.0229844653691393	-0.0541198249676774	-0.0327328676135942	-0.0892870047857995	0.0162253006286408	2165	-0.136590229312064	0.164740354162721	0.532686440178616	0.136590229312064	data-driven pathway scout: FDR=0.533, |rank-biserial|=0.137, MAD=0.0945
glucose transport	162	21	-0.00581328252734667	-0.0198727447310882	0.253565942055825	0.130498478437242	0.512345679012346	-0.00581328252734667	0.961981757138995	1	85	59	0.013052776052259	-0.0304543268355386	0.0435071028877976	0.0402328583432401	-0.0346822255045681	0.118330693553576	2789	0.112263210368893	0.253660209608865	0.532686440178616	0.112263210368893	data-driven pathway scout: FDR=0.533, |rank-biserial|=0.112, MAD=0.13
folate	162	29	-0.00363144616655653	-0.0478817445536738	0.247045529788051	0.123844974108501	0.506172839506173	-0.00363144616655653	0.975824850064432	1	85	59	-0.025463149825417	0.0333107923018047	-0.0587739421272217	-0.0393236131755982	-0.110844609861218	0.0399064285213771	2244	-0.105084745762712	0.285347856824209	0.544754999391671	0.105084745762712	data-driven pathway scout: FDR=0.545, |rank-biserial|=0.105, MAD=0.124
vitamin B12	162	19	-0.0220319152352804	-0.0230996140248084	0.281553214821651	0.141081796020771	0.493827160493827	-0.0220319152352804	0.989584220887023	1	85	59	-0.0207523297712375	-0.0203989592166588	-0.000353370554578746	-0.0261894809213809	-0.110425037911491	0.0564498039181137	2353	-0.0616151545363909	0.531581937494381	0.683903043074807	0.0616151545363909	data-driven pathway scout: FDR=0.684, |rank-biserial|=0.0616, MAD=0.141
