gene	pathway	global_dependency_strength	selectivity_MAD	depleted_fraction	CRC_vs_ESCA_effect	FDR	cancer_specificity	Tier	common_essential_flag	reason_shortlisted
CDK4	arginine	0.490241315219403	0.216912959371034	0.487654320987654	-0.506281156530409	0.000358033744535458	CRC-leaning	Tier 2	TRUE	top-10% selectivity (MAD); FDR-significant CRC-ESCA difference with upper-quartile effect
DHFR	folate;serine/glycine/one-carbon	0.610639122282127	0.255512453293285	0.583333333333333	0.400997008973081	0.0124730429895565	ESCA-leaning	Tier 1	TRUE	top-10% selectivity (MAD); FDR-significant CRC-ESCA difference with upper-quartile effect
TYMS	folate;serine/glycine/one-carbon	0.403480125112645	0.308006583059191	0.37962962962963	0.411764705882353	0.0124730429895565	ESCA-leaning	Tier 1	FALSE	top-10% selectivity (MAD); FDR-significant CRC-ESCA difference with upper-quartile effect
NDUFA6	OXPHOS	0.287928195145617	0.142433564028698	0.231481481481482	-0.406181455633101	0.0124730429895565	CRC-leaning	Tier 1;Tier 2	FALSE	FDR-significant CRC-ESCA difference with upper-quartile effect
NDUFAF8	OXPHOS	0.0367155590000645	0.134790473590574	0.0216049382716049	-0.402193419740778	0.0124730429895565	CRC-leaning	Tier 1	FALSE	FDR-significant CRC-ESCA difference with upper-quartile effect
FUT4	sphingolipid	-0.300758596668683	0.130625705772237	0	-0.397008973080758	0.0124730429895565	CRC-leaning	Tier 1	FALSE	FDR-significant CRC-ESCA difference with upper-quartile effect
ISCA2	OXPHOS;TCA;iron	0.296716555304955	0.134976102117274	0.216049382716049	-0.391026919242273	0.0134141758362459	CRC-leaning	Tier 1;Tier 2	TRUE	FDR-significant CRC-ESCA difference with upper-quartile effect
MCAT	fatty-acid oxidation	0.0960088266388848	0.107262117005925	0.0246913580246914	-0.388634097706879	0.0134141758362459	CRC-leaning	Tier 1	FALSE	FDR-significant CRC-ESCA difference with upper-quartile effect
MSMO1	cholesterol/isoprenoid	0.624989692180327	0.246955846880742	0.574074074074074	0.385443668993021	0.0136536858045638	ESCA-leaning	Tier 1	FALSE	top-10% selectivity (MAD); FDR-significant CRC-ESCA difference with upper-quartile effect
GMPPB	glycolysis	0.798849227392515	0.169509313051575	0.75	-0.381056829511466	0.0147802701811314	CRC-leaning	Tier 2	TRUE	top-5% global dependency strength; top-10% selectivity (MAD); FDR-significant CRC-ESCA difference with upper-quartile effect
SCO1	OXPHOS	0.101514256303477	0.109676928495495	0.0648148148148148	-0.37666999002991	0.0150328196323486	CRC-leaning	Tier 1	FALSE	FDR-significant CRC-ESCA difference with upper-quartile effect
CAMK2D	glutamine/glutamate	-0.0173972893289402	0.133270229524633	0.00617283950617284	-0.376271186440678	0.0150328196323486	CRC-leaning	Tier 1	FALSE	FDR-significant CRC-ESCA difference with upper-quartile effect
GPI	OXPHOS;PPP;glycolysis	0.225176111717706	0.137936424332718	0.058641975308642	-0.3678963110668	0.019559745952378	CRC-leaning	Tier 1;Tier 2	FALSE	FDR-significant CRC-ESCA difference with upper-quartile effect
CREBBP	PPP;cholesterol/isoprenoid	0.0294475515121496	0.151067343842936	0.0246913580246914	-0.361515453639083	0.0234830596854531	CRC-leaning	Tier 2	FALSE	FDR-significant CRC-ESCA difference with upper-quartile effect
COX6B1	OXPHOS	0.585602571065348	0.166269738299005	0.546296296296296	-0.359122632103689	0.0241092885395134	CRC-leaning	Tier 1;Tier 2	FALSE	FDR-significant CRC-ESCA difference with upper-quartile effect
COX6A1	OXPHOS	0.0570405084087304	0.137875740567276	0.00925925925925926	-0.356729810568295	0.0241344516539171	CRC-leaning	Tier 1;Tier 2	TRUE	FDR-significant CRC-ESCA difference with upper-quartile effect
ALDH3A1	glycolysis	-0.133449432787478	0.13361735224351	0	0.35593220338983	0.0241344516539171	ESCA-leaning	Tier 1	FALSE	FDR-significant CRC-ESCA difference with upper-quartile effect
TIMMDC1	OXPHOS	0.215926350614537	0.135880693283663	0.111111111111111	-0.351545363908275	0.0270688772602424	CRC-leaning	Tier 1	FALSE	FDR-significant CRC-ESCA difference with upper-quartile effect
LARS2	BCAA	0.0943133900440433	0.142480647330295	0.0339506172839506	-0.349950149551346	0.0272856137061621	CRC-leaning	Tier 1	FALSE	FDR-significant CRC-ESCA difference with upper-quartile effect
PPP2R1A	glycolysis	0.362210596349572	0.228137128628151	0.401234567901235	0.345962113659023	0.0280403073393867	ESCA-leaning	Tier 2	TRUE	top-10% selectivity (MAD); FDR-significant CRC-ESCA difference with upper-quartile effect
S1PR2	sphingolipid	0.0302002012288719	0.116546697255348	0.0185185185185185	0.344765702891326	0.0280403073393867	ESCA-leaning	Tier 1	FALSE	FDR-significant CRC-ESCA difference with upper-quartile effect
CPEB2	cholesterol/isoprenoid	-0.0876180388926027	0.131155044767793	0	-0.343968095712861	0.0280403073393867	CRC-leaning	Tier 2	FALSE	FDR-significant CRC-ESCA difference with upper-quartile effect
SLC5A2	glucose transport	-0.105926580977504	0.116708534767262	0	-0.346759720837488	0.0280403073393867	CRC-leaning	Tier 1	FALSE	FDR-significant CRC-ESCA difference with upper-quartile effect
B3GALT6	glycolysis	-0.136144686225484	0.142009039119303	0.00617283950617284	0.343170488534397	0.0280403073393867	ESCA-leaning	Tier 2	FALSE	FDR-significant CRC-ESCA difference with upper-quartile effect
HMMR	glycolysis	0.193859930179128	0.149176563453644	0.095679012345679	-0.330807577268195	0.0402363100114572	CRC-leaning	Tier 2	FALSE	FDR-significant CRC-ESCA difference with upper-quartile effect
NDUFAF7	OXPHOS	0.102305435117023	0.126824517608962	0.037037037037037	-0.330408773678963	0.0402363100114572	CRC-leaning	Tier 1	FALSE	FDR-significant CRC-ESCA difference with upper-quartile effect
CROT	fatty-acid oxidation	0.0768263694206087	0.134847688673119	0.0185185185185185	0.331206380857428	0.0402363100114572	ESCA-leaning	Tier 1	FALSE	FDR-significant CRC-ESCA difference with upper-quartile effect
CTNNB1	cholesterol/isoprenoid	1.16720600591303	0.359336243305772	0.842592592592593	-0.325224327018943	0.043625362864637	CRC-leaning	Tier 2	FALSE	top-5% global dependency strength; top-10% selectivity (MAD); FDR-significant CRC-ESCA difference with upper-quartile effect
RACK1	sphingolipid	0.982002103973337	0.228847817056427	0.799382716049383	0.325623130608175	0.043625362864637	ESCA-leaning	Tier 1	TRUE	top-5% global dependency strength; top-10% selectivity (MAD); FDR-significant CRC-ESCA difference with upper-quartile effect
S100A11	cholesterol/isoprenoid	0.0280048591554587	0.154273881525583	0.0246913580246914	-0.324426719840479	0.043625362864637	CRC-leaning	Tier 2	FALSE	FDR-significant CRC-ESCA difference with upper-quartile effect
ALDH3A2	BCAA;arginine;glycolysis;sphingolipid;tryptophan	0.00671046655153455	0.135703251876726	0	0.325623130608175	0.043625362864637	ESCA-leaning	Tier 1	FALSE	FDR-significant CRC-ESCA difference with upper-quartile effect
PDSS2	cholesterol/isoprenoid	0.162077673363333	0.145546989208037	0.0617283950617284	-0.322432701894317	0.0454276990378028	CRC-leaning	Tier 1	FALSE	FDR-significant CRC-ESCA difference with upper-quartile effect
NDUFAF3	OXPHOS	0.262867182326593	0.159425068922711	0.200617283950617	-0.319242273180459	0.049408235812796	CRC-leaning	Tier 1	FALSE	FDR-significant CRC-ESCA difference with upper-quartile effect
SPTLC2	sphingolipid	0.555361764888565	0.205303028930828	0.552469135802469	0.306480558325025	0.052866514162965	ESCA-leaning	Tier 1	FALSE	top-10% selectivity (MAD)
FASN	cholesterol/isoprenoid;fatty-acid synthesis	0.376462944193913	0.19321688719825	0.358024691358025	-0.306480558325025	0.052866514162965	CRC-leaning	Tier 2	FALSE	top-10% selectivity (MAD)
SC5D	cholesterol/isoprenoid	0.37423036967833	0.17977723334739	0.358024691358025	0.304486540378863	0.0544044962892161	ESCA-leaning	Tier 1;Tier 2	FALSE	top-10% selectivity (MAD)
DHDDS	cholesterol/isoprenoid	1.6113272591086	0.221940166725045	0.984567901234568	-0.300897308075773	0.0595085471020081	CRC-leaning	Tier 1	TRUE	top-5% global dependency strength; top-10% selectivity (MAD)
IDI1	cholesterol/isoprenoid	0.791141739987544	0.170290090927013	0.762345679012346	0.298105682951147	0.0618479132079639	ESCA-leaning	Tier 1;Tier 2	FALSE	top-5% global dependency strength; top-10% selectivity (MAD)
COA5	OXPHOS	0.7358401013293	0.202484418369432	0.694444444444445	-0.294117647058823	0.0659159405978553	CRC-leaning	Tier 1	FALSE	top-5% global dependency strength; top-10% selectivity (MAD)
MRPS11	OXPHOS	0.594779589147705	0.190135950550216	0.580246913580247	-0.294516450648056	0.0659159405978553	CRC-leaning	Tier 2	FALSE	top-10% selectivity (MAD)
NDUFS1	OXPHOS	0.386875205643177	0.177703537966409	0.342592592592593	-0.288534396809571	0.0719825280033457	CRC-leaning	Tier 1;Tier 2	FALSE	top-10% selectivity (MAD)
CIAO3	iron	0.60418488479366	0.176816788161926	0.601851851851852	0.286141575274177	0.0753861980394547	ESCA-leaning	Tier 1	TRUE	top-10% selectivity (MAD)
SDHAF4	OXPHOS;TCA	0.377942621065984	0.292887003456294	0.401234567901235	0.285742771684945	0.0753861980394547	ESCA-leaning	Tier 1;Tier 2	FALSE	top-10% selectivity (MAD)
NDUFA9	OXPHOS	0.292690395021656	0.174152083118522	0.262345679012346	-0.284945164506481	0.0762471129425286	CRC-leaning	Tier 1;Tier 2	FALSE	top-10% selectivity (MAD)
PGK1	glycolysis	0.586901617256799	0.188816374860879	0.611111111111111	-0.282153539381854	0.0788246946631263	CRC-leaning	Tier 1;Tier 2	FALSE	top-10% selectivity (MAD)
HSCB	OXPHOS;iron	0.421912899002692	0.196943016100777	0.348765432098765	-0.282951146560319	0.0788246946631263	CRC-leaning	Tier 1	TRUE	top-10% selectivity (MAD)
MRPL11	OXPHOS	0.234262797141061	0.186528686969076	0.114197530864198	-0.281754735792622	0.0788246946631263	CRC-leaning	Tier 2	FALSE	top-10% selectivity (MAD)
RBKS	PPP	0.273469333377618	0.177425609356229	0.308641975308642	0.272981056829511	0.0940054339112158	ESCA-leaning	Tier 1	FALSE	top-10% selectivity (MAD)
FBXL5	iron	0.170958499788758	0.182829054881232	0.135802469135802	0.27098703888335	0.0965201558584991	ESCA-leaning	Tier 1	FALSE	top-10% selectivity (MAD)
SMARCE1	arginine	-0.0286862620903604	0.167485974228334	0.0154320987654321	-0.27098703888335	0.0965201558584991	CRC-leaning	Tier 2	TRUE	top-10% selectivity (MAD)
CENPA	glycolysis	0.880537446677657	0.147240416928801	0.851851851851852	-0.269790628115653	0.0967647342685659	CRC-leaning	Tier 2	TRUE	top-5% global dependency strength
POLR2F	OXPHOS	1.09971593986681	0.245308994385691	0.891975308641975	0.264606181455633	0.103184735748334	ESCA-leaning	Tier 2	TRUE	top-5% global dependency strength; top-10% selectivity (MAD)
SOD1	glycolysis	0.758132215072301	0.212059751650696	0.703703703703704	-0.249850448654038	0.141080414347963	CRC-leaning	Tier 2	TRUE	top-5% global dependency strength; top-10% selectivity (MAD)
NDUFB10	OXPHOS	0.493835514395151	0.1731252220498	0.515432098765432	-0.24666001994018	0.146752448163889	CRC-leaning	Tier 1	TRUE	top-10% selectivity (MAD)
GFPT1	glutamine/glutamate;glycolysis	0.141104945277017	0.169403459579897	0.12962962962963	0.244666001994018	0.149244794628946	ESCA-leaning	Tier 1;Tier 2	FALSE	top-10% selectivity (MAD)
MTMR6	riboflavin	0.198304857266309	0.167523532087105	0.0925925925925926	0.241475573280159	0.156704080999899	ESCA-leaning	Tier 1	FALSE	top-10% selectivity (MAD)
IRS2	glycolysis	0.33329143952825	0.236508310003505	0.324074074074074	-0.238285144566301	0.166186357836067	CRC-leaning	Tier 2	FALSE	top-10% selectivity (MAD)
STX5	cholesterol/isoprenoid	0.904411361877134	0.260032264780929	0.756172839506173	0.233100697906281	0.180838006637846	ESCA-leaning	Tier 2	TRUE	top-5% global dependency strength; top-10% selectivity (MAD)
AGL	glycolysis	0.0108765624107752	0.181954471744758	0.0308641975308642	-0.233100697906281	0.180838006637846	CRC-leaning	Tier 2	FALSE	top-10% selectivity (MAD)
ARNT	cholesterol/isoprenoid	0.182940632221055	0.179476109893234	0.132716049382716	-0.230707876370887	0.18767941045984	CRC-leaning	Tier 1	FALSE	top-10% selectivity (MAD)
UBA52	OXPHOS;iron	1.63955257049696	0.208014493869185	0.975308641975309	-0.226321036889332	0.202624176208323	CRC-leaning	Tier 1	TRUE	top-5% global dependency strength; top-10% selectivity (MAD)
MMAA	fatty-acid oxidation;vitamin B12	0.266751658907334	0.167645719133798	0.166666666666667	0.225523429710867	0.202624176208323	ESCA-leaning	Tier 1	FALSE	top-10% selectivity (MAD)
ATP6V0B	OXPHOS;iron	0.788630359228749	0.168091225821265	0.743827160493827	0.222731804586241	0.21049548210639	ESCA-leaning	Tier 1;Tier 2	TRUE	top-5% global dependency strength; top-10% selectivity (MAD)
WDR77	arginine	0.730598951303442	0.154200430517919	0.79320987654321	-0.219142572283151	0.217585608294316	CRC-leaning	Tier 2	TRUE	top-5% global dependency strength
NDUFAF1	OXPHOS	0.401956264112964	0.192241962485608	0.327160493827161	-0.216350947158524	0.225937142607153	CRC-leaning	Tier 1	TRUE	top-10% selectivity (MAD)
NDUFS5	OXPHOS	0.311977205125221	0.170052866315303	0.240740740740741	-0.215952143569292	0.226978901775615	CRC-leaning	Tier 1	TRUE	top-10% selectivity (MAD)
APOC1	cholesterol/isoprenoid	0.236319772152419	0.170197683082702	0.175925925925926	0.212362911266201	0.236602774050284	ESCA-leaning	Tier 2	FALSE	top-10% selectivity (MAD)
ACTL6A	arginine	1.12015862071238	0.148093053939265	0.919753086419753	-0.205583250249252	0.252161875878753	CRC-leaning	Tier 2	TRUE	top-5% global dependency strength
ATP6V1G1	OXPHOS;iron	0.764809504731111	0.186442748762713	0.756172839506173	0.200797607178465	0.268145925020559	ESCA-leaning	Tier 1;Tier 2	TRUE	top-5% global dependency strength; top-10% selectivity (MAD)
CDK1	glycolysis	1.52122814400028	0.24591225672428	0.959876543209877	-0.199601196410768	0.272343071141825	CRC-leaning	Tier 2	TRUE	top-5% global dependency strength; top-10% selectivity (MAD)
SLC38A2	amino-acid transport;glutamine/glutamate	0.423773537631127	0.175499719306386	0.429012345679012	0.197208374875374	0.283501178948574	ESCA-leaning	Tier 1	FALSE	top-10% selectivity (MAD)
MFN2	OXPHOS	0.760321213204759	0.166012550031995	0.719135802469136	-0.193619142572283	0.294553543845141	CRC-leaning	Tier 2	TRUE	top-5% global dependency strength
ATP6V1D	OXPHOS;iron	0.678298926813127	0.24176465703549	0.660493827160494	0.192821535393819	0.296414807527036	ESCA-leaning	Tier 1;Tier 2	TRUE	top-10% selectivity (MAD)
HMGCR	cholesterol/isoprenoid	1.29053063838039	0.264245628903386	0.842592592592593	0.190428713858425	0.299812031313961	ESCA-leaning	Tier 1;Tier 2	TRUE	top-5% global dependency strength; top-10% selectivity (MAD)
MTRF1	OXPHOS	0.16844389990234	0.174349344939253	0.114197530864198	0.18963110667996	0.303059318822896	ESCA-leaning	Tier 2	FALSE	top-10% selectivity (MAD)
NFYA	cholesterol/isoprenoid	0.501797858489552	0.210830563930772	0.466049382716049	0.187637088733799	0.310123339728748	ESCA-leaning	Tier 2	FALSE	top-10% selectivity (MAD)
ATP6V1H	OXPHOS;iron	0.923199757209352	0.257993307775594	0.777777777777778	0.183649052841476	0.326139813601701	ESCA-leaning	Tier 1;Tier 2	TRUE	top-5% global dependency strength; top-10% selectivity (MAD)
SLC39A7	zinc	0.743592218766465	0.227536489782838	0.734567901234568	0.178065802592223	0.345692364202538	ESCA-leaning	Tier 1	TRUE	top-5% global dependency strength; top-10% selectivity (MAD)
ATP5F1B	OXPHOS	0.882472118428923	0.205393704856016	0.762345679012346	-0.176470588235294	0.353334981740346	CRC-leaning	Tier 1;Tier 2	TRUE	top-5% global dependency strength; top-10% selectivity (MAD)
NDUFB9	OXPHOS	0.391627851647431	0.172145301672706	0.382716049382716	-0.174875373878365	0.358691978428547	CRC-leaning	Tier 1	TRUE	top-10% selectivity (MAD)
ATP6V0D1	OXPHOS;iron	0.765979194998266	0.179544494558529	0.746913580246914	0.172482552342971	0.371879837575243	ESCA-leaning	Tier 1	TRUE	top-5% global dependency strength; top-10% selectivity (MAD)
ERCC2	iron	0.817356526037533	0.177567371628777	0.820987654320988	-0.163310069790628	0.407235916971067	CRC-leaning	Tier 1	TRUE	top-5% global dependency strength; top-10% selectivity (MAD)
ECD	glycolysis	1.50172866585684	0.19210842422962	0.972222222222222	-0.162911266201396	0.407671328006078	CRC-leaning	Tier 2	TRUE	top-5% global dependency strength; top-10% selectivity (MAD)
APIP	methionine	0.127704070987331	0.221704293798906	0.126543209876543	0.161316051844467	0.407671328006078	ESCA-leaning	Tier 1	FALSE	top-10% selectivity (MAD)
NAGS	arginine	0.068829914069819	0.177523754023023	0.0246913580246914	-0.161714855433699	0.407671328006078	CRC-leaning	Tier 1	FALSE	top-10% selectivity (MAD)
ARV1	cholesterol/isoprenoid	-0.00410884956076601	0.180493587215639	0.0123456790123457	0.16011964107677	0.415624543974642	ESCA-leaning	Tier 1	FALSE	top-10% selectivity (MAD)
ENO1	glycolysis	0.357309121333521	0.173571034572334	0.274691358024691	-0.156929212362911	0.430548779769299	CRC-leaning	Tier 1;Tier 2	FALSE	top-10% selectivity (MAD)
MRPL34	OXPHOS	0.665932190527145	0.180582781396252	0.67283950617284	-0.156530408773679	0.431710067591559	CRC-leaning	Tier 2	TRUE	top-10% selectivity (MAD)
TAS2R43	glutamine/glutamate	-0.089435011174893	0.196905370264226	0.0185185185185185	0.156131605184447	0.434067404419773	ESCA-leaning	Tier 1	FALSE	top-10% selectivity (MAD)
SLC2A1	glucose transport	0.425145223862529	0.183379667794867	0.401234567901235	0.153738783649053	0.448421071280078	ESCA-leaning	Tier 1	FALSE	top-10% selectivity (MAD)
H2AC15	arginine	1.24722064352353	0.259570384512553	0.861111111111111	0.151345962113659	0.459478763068185	ESCA-leaning	Tier 2	TRUE	top-5% global dependency strength; top-10% selectivity (MAD)
COPB2	glycolysis	1.67708533702011	0.302799045393117	0.947530864197531	0.148953140578265	0.476965179106752	ESCA-leaning	Tier 2	TRUE	top-5% global dependency strength; top-10% selectivity (MAD)
NDUFA11	OXPHOS	0.527901810535225	0.172256561062396	0.537037037037037	-0.148554336989033	0.477031471674736	CRC-leaning	Tier 1	FALSE	top-10% selectivity (MAD)
PRMT5	arginine	1.15304792159759	0.177359577203483	0.929012345679012	-0.146161515453639	0.482643168557153	CRC-leaning	Tier 2	TRUE	top-5% global dependency strength; top-10% selectivity (MAD)
HMGCS1	BCAA;cholesterol/isoprenoid	1.58942448234621	0.246953186101547	0.953703703703704	0.142971086739781	0.499899364497165	ESCA-leaning	Tier 1;Tier 2	TRUE	top-5% global dependency strength; top-10% selectivity (MAD)
BHMT	methionine;serine/glycine/one-carbon	0.0935263776097972	0.171052285703776	0.0123456790123457	0.142173479561316	0.502780079961266	ESCA-leaning	Tier 1	FALSE	top-10% selectivity (MAD)
ATP5F1A	OXPHOS	0.808275978176597	0.178275190355757	0.740740740740741	-0.138584247258225	0.523407565242719	CRC-leaning	Tier 1;Tier 2	TRUE	top-5% global dependency strength; top-10% selectivity (MAD)
ARSK	sphingolipid	0.0236621961568865	0.177271760733192	0.0648148148148148	0.133798604187438	0.550697290212251	ESCA-leaning	Tier 1	FALSE	top-10% selectivity (MAD)
RTEL1	iron	0.280376823261625	0.174789244806354	0.228395061728395	-0.133000997008973	0.552680826226412	CRC-leaning	Tier 1	TRUE	top-10% selectivity (MAD)
NFS1	OXPHOS;TCA;iron	0.771229653518133	0.219829117459669	0.685185185185185	-0.132602193419741	0.553078383993861	CRC-leaning	Tier 1;Tier 2	TRUE	top-5% global dependency strength; top-10% selectivity (MAD)
PHYH	OXPHOS	0.103482374799053	0.172661693236723	0.0493827160493827	-0.129411764705882	0.571215471278572	CRC-leaning	Tier 2	FALSE	top-10% selectivity (MAD)
NUBP1	iron	0.549672430484794	0.168036756454568	0.509259259259259	0.127816550348953	0.574362938045243	ESCA-leaning	Tier 1	TRUE	top-10% selectivity (MAD)
LARS1	BCAA	1.32907775644828	0.15155046686987	0.953703703703704	0.127018943170488	0.57834754843172	ESCA-leaning	Tier 1	TRUE	top-5% global dependency strength
COX4I1	OXPHOS	0.419923838570426	0.199235470369695	0.342592592592593	-0.126620139581256	0.57834754843172	CRC-leaning	Tier 1;Tier 2	FALSE	top-10% selectivity (MAD)
RHOT1	OXPHOS	0.14445869491221	0.204149011156961	0.0802469135802469	0.126221335992024	0.580091620952413	ESCA-leaning	Tier 2	FALSE	top-10% selectivity (MAD)
PMPCA	OXPHOS	1.08110373587241	0.166033003225659	0.904320987654321	0.125423728813559	0.584797148043936	ESCA-leaning	Tier 2	TRUE	top-5% global dependency strength
SCD	cholesterol/isoprenoid;fatty-acid synthesis	1.14393296444703	0.322259054852418	0.820987654320988	0.121435692921236	0.606332432460704	ESCA-leaning	Tier 2	TRUE	top-5% global dependency strength; top-10% selectivity (MAD)
ATXN2	cholesterol/isoprenoid	0.0442078673042165	0.16767389935901	0.00617283950617284	0.120239282153539	0.611841318194752	ESCA-leaning	Tier 2	FALSE	top-10% selectivity (MAD)
NDUFAB1	OXPHOS;fatty-acid oxidation	0.693460210002357	0.167660407435642	0.691358024691358	-0.119441674975075	0.612669534644217	CRC-leaning	Tier 1;Tier 2	TRUE	top-5% global dependency strength; top-10% selectivity (MAD)
KPNB1	cholesterol/isoprenoid	1.30538881726962	0.290831852550412	0.932098765432099	-0.116650049850449	0.617055914628925	CRC-leaning	Tier 2	TRUE	top-5% global dependency strength; top-10% selectivity (MAD)
KIF20A	glycolysis	0.428204641460036	0.190574233757603	0.388888888888889	-0.111864406779661	0.632560247768715	CRC-leaning	Tier 2	TRUE	top-10% selectivity (MAD)
POLD1	iron	1.31128847203759	0.177992938454368	0.959876543209877	-0.102293120638086	0.675145588307898	ESCA-leaning	Tier 1	TRUE	top-5% global dependency strength; top-10% selectivity (MAD)
CCND1	arginine	0.366485762376194	0.214102980614045	0.358024691358025	0.102293120638086	0.675145588307898	ESCA-leaning	Tier 2	FALSE	top-10% selectivity (MAD)
SMARCB1	arginine	0.284102370854024	0.194610662469703	0.256172839506173	-0.101096709870389	0.681486732385884	CRC-leaning	Tier 2	TRUE	top-10% selectivity (MAD)
ISCU	OXPHOS;TCA;iron	1.27584876814172	0.24491285393342	0.91358024691358	-0.0963110667996012	0.706159198216831	CRC-leaning	Tier 1;Tier 2	TRUE	top-5% global dependency strength; top-10% selectivity (MAD)
IARS1	BCAA	1.13477937620482	0.160670351495648	0.935185185185185	0.0963110667996012	0.706159198216831	ESCA-leaning	Tier 1	TRUE	top-5% global dependency strength
NFYC	cholesterol/isoprenoid	0.5405271601624	0.177201838330739	0.540123456790123	0.0955134596211367	0.70943189288362	ESCA-leaning	Tier 2	TRUE	top-10% selectivity (MAD)
FDPS	cholesterol/isoprenoid	0.968739049042997	0.1870539950615	0.817901234567901	0.0915254237288135	0.726064717147095	ESCA-leaning	Tier 1;Tier 2	TRUE	top-5% global dependency strength; top-10% selectivity (MAD)
WDR26	OXPHOS	0.359955712233786	0.167464976228271	0.330246913580247	0.0899302093718843	0.72968554900259	ESCA-leaning	Tier 1	FALSE	top-10% selectivity (MAD)
TUBA1B	iron	0.369992076549325	0.176658715271687	0.305555555555556	0.0887337986041874	0.73742912805454	ESCA-leaning	Tier 1	TRUE	top-10% selectivity (MAD)
ATP6V1E1	OXPHOS;iron	1.07031138927606	0.257723636569308	0.848765432098766	0.0879361914257228	0.740861520012241	ESCA-leaning	Tier 1;Tier 2	TRUE	top-5% global dependency strength; top-10% selectivity (MAD)
DNMT1	methionine	1.05765979209956	0.183417002521986	0.888888888888889	0.0863409770687935	0.751958215810352	CRC-leaning	Tier 1	TRUE	top-5% global dependency strength; top-10% selectivity (MAD)
GGPS1	cholesterol/isoprenoid	1.01169299668986	0.193542790006942	0.888888888888889	-0.0839481555333999	0.762391275582409	CRC-leaning	Tier 1;Tier 2	TRUE	top-5% global dependency strength; top-10% selectivity (MAD)
AFG3L2	OXPHOS	0.89950067255193	0.148189442041135	0.839506172839506	-0.0835493519441675	0.762577640504791	CRC-leaning	Tier 2	TRUE	top-5% global dependency strength
TUBB4B	iron	0.332018303585044	0.237171113166588	0.327160493827161	-0.0827517447657029	0.766090461502275	CRC-leaning	Tier 1	FALSE	top-10% selectivity (MAD)
SUPV3L1	OXPHOS	0.839189778858111	0.159389605493619	0.756172839506173	-0.0795613160518445	0.775142799238345	CRC-leaning	Tier 2	TRUE	top-5% global dependency strength
DDO	glutamine/glutamate;serine/glycine/one-carbon	-0.0688622034928711	0.181948183873366	0.00617283950617284	0.0791625124626121	0.777438333401325	ESCA-leaning	Tier 1	FALSE	top-10% selectivity (MAD)
MAT2A	methionine	1.66180440495547	0.29179961518333	0.953703703703704	0.076370887337986	0.788503541253837	CRC-leaning	Tier 1	TRUE	top-5% global dependency strength; top-10% selectivity (MAD)
CAD	glutamine/glutamate	0.800850482437894	0.199924784335351	0.75	-0.0747756729810568	0.794742231458424	CRC-leaning	Tier 1	FALSE	top-5% global dependency strength; top-10% selectivity (MAD)
MTF1	cholesterol/isoprenoid	-0.147219365312135	0.186732518065581	0.00617283950617284	0.0747756729810569	0.794742231458424	ESCA-leaning	Tier 2	FALSE	top-10% selectivity (MAD)
ATP6V1A	OXPHOS;iron	1.33607376395333	0.19489725026386	0.904320987654321	-0.072382851445663	0.798156728208222	CRC-leaning	Tier 1	TRUE	top-5% global dependency strength; top-10% selectivity (MAD)
POLR3K	glycolysis	1.14598923585005	0.230198431202165	0.916666666666667	-0.0715852442671984	0.799329270001792	CRC-leaning	Tier 2	TRUE	top-5% global dependency strength; top-10% selectivity (MAD)
FDX2	cholesterol/isoprenoid;iron	0.862861893970976	0.186199435153732	0.830246913580247	-0.0687936191425723	0.807122223493726	CRC-leaning	Tier 1	TRUE	top-5% global dependency strength; top-10% selectivity (MAD)
ALDOA	PPP;glycolysis	0.321060567724934	0.172081913457261	0.25	-0.0683948155533399	0.808496006185799	CRC-leaning	Tier 1;Tier 2	TRUE	top-10% selectivity (MAD)
PSMC4	glycolysis	1.60663294180631	0.252318760578235	0.969135802469136	-0.0640079760717847	0.823282144169464	CRC-leaning	Tier 2	TRUE	top-5% global dependency strength; top-10% selectivity (MAD)
MBTPS2	cholesterol/isoprenoid	0.699090381109381	0.236485888729822	0.67283950617284	0.0636091724825523	0.823282144169464	CRC-leaning	Tier 2	FALSE	top-5% global dependency strength; top-10% selectivity (MAD)
SPTSSA	sphingolipid	0.503123714036371	0.209680415390011	0.533950617283951	0.0628115653040877	0.826086240951148	ESCA-leaning	Tier 1	FALSE	top-10% selectivity (MAD)
NSDHL	cholesterol/isoprenoid;glycolysis	0.511385127033681	0.170494811089712	0.503086419753086	0.0624127617148553	0.82841292790589	ESCA-leaning	Tier 1;Tier 2	FALSE	top-10% selectivity (MAD)
SCAP	cholesterol/isoprenoid	1.07776026716444	0.221106148648949	0.842592592592593	0.0620139581256232	0.829880868759538	ESCA-leaning	Tier 2	FALSE	top-5% global dependency strength; top-10% selectivity (MAD)
ABCB7	OXPHOS;iron	0.730760792588837	0.204832694597833	0.703703703703704	-0.0580259222333001	0.847565298073998	CRC-leaning	Tier 1;Tier 2	TRUE	top-5% global dependency strength; top-10% selectivity (MAD)
ATP6AP1	OXPHOS;iron	0.58156485798859	0.285909051466486	0.580246913580247	0.0572283150548354	0.851298911065385	ESCA-leaning	Tier 1;Tier 2	TRUE	top-10% selectivity (MAD)
ATP6V0C	OXPHOS;iron	1.36120404074035	0.28485647907073	0.882716049382716	0.0544366899302093	0.859373980664968	CRC-leaning	Tier 1;Tier 2	TRUE	top-5% global dependency strength; top-10% selectivity (MAD)
TXN	glycolysis	0.842178558952717	0.183137909411779	0.802469135802469	0.0532402791625124	0.862361501182138	ESCA-leaning	Tier 2	TRUE	top-5% global dependency strength; top-10% selectivity (MAD)
PRMT1	arginine	1.75701246236645	0.215387916037785	0.981481481481481	-0.0520438683948156	0.863431978300673	ESCA-leaning	Tier 2	TRUE	top-5% global dependency strength; top-10% selectivity (MAD)
GRPEL1	OXPHOS	1.12015585742759	0.185888201348484	0.929012345679012	-0.0508474576271186	0.866496611744291	ESCA-leaning	Tier 2	TRUE	top-5% global dependency strength; top-10% selectivity (MAD)
FDFT1	cholesterol/isoprenoid	0.82690696020941	0.183788437004193	0.771604938271605	-0.0504486540378863	0.866496611744291	CRC-leaning	Tier 1;Tier 2	FALSE	top-5% global dependency strength; top-10% selectivity (MAD)
OGDH	OXPHOS;TCA;serine/glycine/one-carbon;tryptophan	0.469981290634201	0.172953086192003	0.416666666666667	-0.0492522432701894	0.868173460074094	CRC-leaning	Tier 1;Tier 2	TRUE	top-10% selectivity (MAD)
ADSL	glutamine/glutamate	0.50292836983225	0.189151860633678	0.490740740740741	0.0484546360917249	0.874494608710503	CRC-leaning	Tier 1	FALSE	top-10% selectivity (MAD)
SP1	cholesterol/isoprenoid	0.270805117751414	0.167940103703594	0.169753086419753	0.0468594217347955	0.883657981985008	ESCA-leaning	Tier 2	FALSE	top-10% selectivity (MAD)
PHB2	OXPHOS	1.50119461576285	0.188012919304338	0.966049382716049	-0.0428713858424726	0.888429621492332	CRC-leaning	Tier 2	TRUE	top-5% global dependency strength; top-10% selectivity (MAD)
ACACA	cholesterol/isoprenoid	0.826034067342525	0.206948568054386	0.783950617283951	-0.0428713858424726	0.888429621492332	CRC-leaning	Tier 2	FALSE	top-5% global dependency strength; top-10% selectivity (MAD)
RARS1	glycolysis	0.589335537825114	0.208649408394674	0.589506172839506	0.0404785643070789	0.897768727348732	CRC-leaning	Tier 2	TRUE	top-10% selectivity (MAD)
AHCY	methionine	0.474255856309031	0.175850997448094	0.447530864197531	0.0392821535393819	0.899502696138408	ESCA-leaning	Tier 1	FALSE	top-10% selectivity (MAD)
SOX9	glycolysis	0.449200515497085	0.21217776950853	0.37962962962963	-0.0376869391824527	0.902208859443819	CRC-leaning	Tier 2	FALSE	top-10% selectivity (MAD)
ATP6V1C1	OXPHOS;iron	0.192222576106406	0.189651714880657	0.166666666666667	0.0376869391824526	0.902208859443819	CRC-leaning	Tier 1;Tier 2	TRUE	top-10% selectivity (MAD)
MED24	glycolysis	0.214939305295512	0.199790656805202	0.151234567901235	-0.0356929212362911	0.903192744369474	CRC-leaning	Tier 2	FALSE	top-10% selectivity (MAD)
ATP5PO	OXPHOS	0.659570488609425	0.192218933883738	0.660493827160494	0.0348953140578265	0.905198345709015	ESCA-leaning	Tier 1;Tier 2	FALSE	top-10% selectivity (MAD)
WARS1	tryptophan	0.958579610369648	0.180385157319556	0.858024691358025	0.0344965104685941	0.905800140382554	ESCA-leaning	Tier 1	TRUE	top-5% global dependency strength; top-10% selectivity (MAD)
TUBB	iron	0.436767883161718	0.210628380851722	0.416666666666667	0.0344965104685941	0.905800140382554	ESCA-leaning	Tier 1	TRUE	top-10% selectivity (MAD)
SDHC	OXPHOS;TCA;glycolysis	0.577071131458771	0.185073208569295	0.617283950617284	-0.0293120638085743	0.922264674066241	CRC-leaning	Tier 1;Tier 2	TRUE	top-10% selectivity (MAD)
HDAC3	cholesterol/isoprenoid	0.587004552094128	0.18263934981799	0.601851851851852	-0.0269192422731804	0.928902719324065	CRC-leaning	Tier 2	TRUE	top-10% selectivity (MAD)
RPS2	arginine	1.26538281637096	0.142999149677711	0.925925925925926	0.0265204386839482	0.93181798402937	ESCA-leaning	Tier 2	TRUE	top-5% global dependency strength
AHCYL1	methionine	0.313640322385127	0.167898026249313	0.253086419753086	0.0261216350947158	0.933171906163598	ESCA-leaning	Tier 1	FALSE	top-10% selectivity (MAD)
ARF1	sphingolipid	0.353226706178896	0.187433671209786	0.339506172839506	-0.0257228315054836	0.933745538388734	ESCA-leaning	Tier 1	FALSE	top-10% selectivity (MAD)
VARS1	BCAA	1.24717907859989	0.21893727367881	0.910493827160494	-0.0213359920239282	0.949189278191677	CRC-leaning	Tier 1	TRUE	top-5% global dependency strength; top-10% selectivity (MAD)
ENPP7	sphingolipid	0.266352597872295	0.167758277051389	0.17283950617284	0.0205383848454637	0.951048227996856	ESCA-leaning	Tier 1	FALSE	top-10% selectivity (MAD)
ATP6V1B2	OXPHOS;iron	1.27996595951698	0.273102510366626	0.876543209876543	0.0201395812562313	0.953123235745908	CRC-leaning	Tier 1	TRUE	top-5% global dependency strength; top-10% selectivity (MAD)
WDR5	arginine	0.850282981700579	0.137591012107304	0.830246913580247	0.0189431704885343	0.956571237062998	ESCA-leaning	Tier 2	TRUE	top-5% global dependency strength
MED1	cholesterol/isoprenoid	0.616779496130178	0.235528349578091	0.583333333333333	-0.0177467597208375	0.95710533820229	CRC-leaning	Tier 2	FALSE	top-10% selectivity (MAD)
AURKA	glycolysis	0.773023831684742	0.194612002799892	0.759259259259259	0.0165503489531407	0.959453455978466	CRC-leaning	Tier 2	TRUE	top-5% global dependency strength; top-10% selectivity (MAD)
ALG1	glycolysis	0.6875019942878	0.179350734738205	0.685185185185185	0.0157527417746759	0.960509927025202	ESCA-leaning	Tier 2	TRUE	top-10% selectivity (MAD)
ATP5MJ	OXPHOS	-0.0474719362872353	0.167709951976605	0.0277777777777778	-0.0153539381854436	0.961036657940715	ESCA-leaning	Tier 1	FALSE	top-10% selectivity (MAD)
EGFR	glycolysis	1.16629536977808	0.35824328449153	0.824074074074074	0.00817547357926229	0.976049062476263	CRC-leaning	Tier 2	FALSE	top-5% global dependency strength; top-10% selectivity (MAD)
SKP1	iron	1.11400101050662	0.251021024452717	0.87037037037037	-0.00697906281156535	0.976049062476263	CRC-leaning	Tier 1	TRUE	top-5% global dependency strength; top-10% selectivity (MAD)
PPP2CA	glycolysis	0.750252428995351	0.258016507932226	0.641975308641975	0.00697906281156535	0.976049062476263	CRC-leaning	Tier 2	TRUE	top-5% global dependency strength; top-10% selectivity (MAD)
H2AC18	arginine	0.728094614497065	0.163685554224954	0.725308641975309	0.0101694915254238	0.976049062476263	ESCA-leaning	Tier 2	FALSE	top-5% global dependency strength
LSS	cholesterol/isoprenoid	0.610965504387394	0.175951982036004	0.645061728395062	-0.00697906281156535	0.976049062476263	CRC-leaning	Tier 1;Tier 2	FALSE	top-10% selectivity (MAD)
MBTPS1	cholesterol/isoprenoid	0.796005283454734	0.197775800188335	0.722222222222222	-0.00618145563310069	0.979149410925908	ESCA-leaning	Tier 2	FALSE	top-5% global dependency strength; top-10% selectivity (MAD)
TBL1XR1	cholesterol/isoprenoid	0.287668883114168	0.171549210746927	0.290123456790123	-0.00458624127617147	0.988152254201488	CRC-leaning	Tier 2	FALSE	top-10% selectivity (MAD)
