pathway_major	N_organoids	n_tier1_genes	median_primary_score	mean_primary_score	IQR_primary	MAD_primary	median_rank_sensitivity	median_tier1plus2_sensitivity	spearman_primary_vs_rank	spearman_primary_vs_tier1plus2
BCAA	162	52	-0.0458499439939842	-0.0322945117718477	0.172737956747362	0.0895599008095181	0.5	-0.0458499439939842	0.96823182941134	1
NAD	162	43	-0.00666658983708209	-0.0159099458285968	0.179702432361217	0.0944544900749085	0.5	-0.00666658983708209	0.967948298520651	1
OXPHOS	162	246	-0.0371216919117875	-0.030869521598184	0.179455194405855	0.0880492544289931	0.5	-0.0392253895041324	0.989813711137735	0.957990913979178
PPP	162	27	-0.0602593428225685	-0.0497236341854432	0.276053176514792	0.138476259092837	0.487654320987654	-0.0458543306030358	0.970674808484538	0.9139608304719
TCA	162	42	-0.0438012034150452	-0.0334961824066067	0.217477227623831	0.108284350758999	0.5	-0.0438012034150452	0.968701596705627	1
amino-acid transport	162	32	-0.00434046305720617	-0.015447587851903	0.217765981067193	0.110525330890854	0.503086419753086	-0.00434046305720617	0.983522361598722	1
arginine	162	50	-0.0176785271311421	-0.0275971076491293	0.221409225240145	0.109458137012433	0.496913580246914	-0.0241511562235941	0.975958848642216	0.540197668231811
cholesterol/isoprenoid	162	67	-0.0249720456810777	-0.0315849243673036	0.21514256708204	0.104316655789937	0.509259259259259	-0.0196715218792974	0.962453292595128	0.618404061188804
fatty-acid oxidation	162	62	-0.0299335023339078	-0.0303408036677866	0.188457737004269	0.0930935193165676	0.503086419753086	-0.0299335023339078	0.978323263662529	1
folate	162	29	-0.00363144616655653	-0.0478817445536738	0.247045529788051	0.123844974108501	0.506172839506173	-0.00363144616655653	0.975824850064432	1
glucose transport	162	21	-0.00581328252734667	-0.0198727447310882	0.253565942055825	0.130498478437242	0.512345679012346	-0.00581328252734667	0.961981757138995	1
glutamine/glutamate	162	135	-0.0287604539927739	-0.027847354421759	0.129907690018017	0.0664367579961213	0.5	-0.0287604539927739	0.96277854638847	1
glycolysis	162	59	-0.0278036382128941	-0.0276544691795814	0.179003960959229	0.0846082361532485	0.506172839506173	-0.0216274123752016	0.956262552770506	0.295306967219477
iron	162	89	-0.0373146810715852	-0.0388932203535857	0.158630534961028	0.0794819824732012	0.506172839506173	-0.0373146810715852	0.962216362658621	1
methionine	162	29	-0.036457437706992	-0.032600307199419	0.221373571540273	0.109235143875069	0.506172839506173	-0.036457437706992	0.970590030859893	1
riboflavin	162	18	-0.0174464461400597	-0.0153587130585501	0.324818268596975	0.166012495971181	0.503086419753086	-0.0174464461400597	0.979644060618628	1
serine/glycine/one-carbon	162	62	-0.00209208525242062	-0.024491227207622	0.18607457728934	0.0933549939292446	0.506172839506173	-0.00209208525242062	0.975959267486819	1
sphingolipid	162	153	-0.00925705954191379	-0.0160562266205712	0.133498391981324	0.0670958327747309	0.503086419753086	-0.00925705954191379	0.953139130487255	1
tryptophan	162	44	-0.0160545696265279	-0.0328833370360894	0.171343756892614	0.0835099683715376	0.506172839506173	-0.0160545696265279	0.971268556777722	1
vitamin B12	162	19	-0.0220319152352804	-0.0230996140248084	0.281553214821651	0.141081796020771	0.493827160493827	-0.0220319152352804	0.989584220887023	1
zinc	162	15	-0.00704487195474056	-0.00127376083502347	0.407151359553186	0.203763782195135	0.503086419753086	-0.00704487195474056	0.981315246328127	1
