output_id	output_description	manuscript_location	source_dataset	analysis_script	derived_output	figure_script	status	notes
Figure_1	Study design and cohort overview	Main Figure 1	Organoid metadata; CRISPR; gene sets	code/analysis/build_stage_p2_0_1.py; code/analysis/build_oxphos_map.py	data/derived/analysis_outputs/CRISPR_MATRIX_QC.tsv; data/external_metadata/ORGANOID_METADATA.tsv; data/external_metadata/METABOLIC_GENE_UNIVERSE_TIERED.tsv	code/figures/fig1.py	READY	Final PDF and SVG retained.
Figure_2	Metabolic dependency landscape and CRC–ESCA discovery	Main Figure 2	Organoid CRISPR screens	code/analysis/run_p2_stage2_scout.R; code/analysis/respiratory_submodule_biomarker_analysis.R	data/derived/analysis_outputs/CRC_ESCA_GENE_DIFFERENTIAL_DEPENDENCY.tsv; data/derived/analysis_outputs/CRC_ESCA_PATHWAY_DIFFERENTIAL_DEPENDENCY.tsv; data/derived/analysis_outputs/P2_3B_OXPHOS_SUBMODULE_GENE_DRIVERS.tsv	code/figures/fig2.py	READY	Upstream public scripts verified.
Figure_3	Respiratory submodule decomposition	Main Figure 3	Organoid CRISPR screens	code/analysis/respiratory_submodule_biomarker_analysis.R	data/derived/analysis_outputs/P2_3B_OXPHOS_SUBMODULE_RESULTS.tsv; data/derived/analysis_outputs/P2_3B_OXPHOS_SUBMODULE_GENE_DRIVERS.tsv	code/figures/fig3.py	READY	Analysis outputs reproduced exactly.
Figure_4	Organoid versus matched 2D comparison	Main Figure 4	Organoid CRISPR; DepMap 24Q2	code/analysis/organoid_vs_2d_analysis.R; code/analysis/respiratory_submodule_biomarker_analysis.R	data/derived/analysis_outputs/P2_3A_DEPMAP_CANDIDATE_COMPARISON.tsv; data/derived/analysis_outputs/P2_3B_FINAL_CANDIDATE_RANKING.tsv	code/figures/fig4.py	READY	Analysis outputs reproduced exactly.
Figure_5	TCGA RNA abundance and stage associations	Main Figure 5	TCGA COAD/READ via UCSC Xena	code/analysis/p2_4a_prepare.py; code/analysis/p2_4a_analysis.R	data/derived/analysis_outputs/P2_4A_TCGA_MODULE_SUMMARY.tsv; data/derived/analysis_outputs/P2_4A_TCGA_MSI_STAGE.tsv	code/figures/fig5.py	READY	Final PDF and SVG retained.
Figure_6	GSE132465 single-cell validation	Main Figure 6	GSE132465	code/analysis/p2_4a_prepare.py; code/analysis/p2_4a_analysis.R	data/derived/analysis_outputs/P2_4A_SC_PSEUDOBULK.tsv; data/derived/analysis_outputs/P2_4A_SC_CELLTYPE_PROGRAM.tsv	code/figures/fig6.py	READY	Patient-level analysis retained.
Figure_7	CPTAC protein and integrated synthesis	Main Figure 7	CPTAC-2 Colon; prior derived outputs	code/analysis/cptac_proteogenomic_analysis.py; code/analysis/respiratory_submodule_biomarker_analysis.R	data/derived/analysis_outputs/P2_4B_CPTAC_MODULE_SUMMARY.tsv; data/derived/analysis_outputs/P2_4B_RNA_PROTEIN_CONCORDANCE.tsv; data/derived/analysis_outputs/P2_4A_EXTERNAL_VALIDATION_SUMMARY.tsv	code/figures/fig7.py	READY	CPTAC outputs numerically equivalent within predefined tolerance.
Supplementary_Table_S1	Metabolic gene universe	Supplementary Table S1	MSigDB 2025.1.Hs; HGNC	code/analysis/build_stage_p2_0_1.py; code/analysis/build_oxphos_map.py	data/derived/supplementary_tables/Table_S1.csv	NA	READY	Final CSV retained without recalculation.
Supplementary_Table_S2	Organoid metadata and CRISPR availability	Supplementary Table S2	Biobank supplementary metadata	code/analysis/build_stage_p2_0_1.py	data/derived/supplementary_tables/Table_S2.csv	NA	READY	Final CSV retained without recalculation.
Supplementary_Table_S3	CRISPR matrix and analysis QC	Supplementary Table S3	Organoid CRISPR screens	code/analysis/build_stage_p2_0_1.py; code/analysis/run_p2_stage2_scout.R	data/derived/supplementary_tables/Table_S3.csv	NA	READY	Final CSV retained without recalculation.
Supplementary_Table_S4a	Pathway-level CRC–ESCA comparison	Supplementary Table S4a	Organoid CRISPR screens	code/analysis/run_p2_stage2_scout.R	data/derived/supplementary_tables/Table_S4a.csv	NA	READY	Final CSV retained without recalculation.
Supplementary_Table_S4b	Gene-level CRC–ESCA comparison	Supplementary Table S4b	Organoid CRISPR screens	code/analysis/run_p2_stage2_scout.R	data/derived/supplementary_tables/Table_S4b.csv	NA	READY	Final CSV retained without recalculation.
Supplementary_Table_S5a	Respiratory-submodule map	Supplementary Table S5a	Public gene-set resources	code/analysis/build_oxphos_map.py	data/derived/supplementary_tables/Table_S5a.csv	NA	READY	Final CSV retained without recalculation.
Supplementary_Table_S5b	Respiratory-submodule results	Supplementary Table S5b	Organoid CRISPR screens	code/analysis/respiratory_submodule_biomarker_analysis.R	data/derived/supplementary_tables/Table_S5b.csv	NA	READY	Upstream output reproduced exactly.
Supplementary_Table_S6	Organoid versus 2D candidate comparison	Supplementary Table S6	Organoid CRISPR; DepMap 24Q2	code/analysis/organoid_vs_2d_analysis.R	data/derived/supplementary_tables/Table_S6.csv	NA	READY	Upstream output reproduced exactly.
Supplementary_Table_S7	Focused candidate biomarkers	Supplementary Table S7	Organoid RNA/WGS/CNV/mutation and CRISPR	code/analysis/respiratory_submodule_biomarker_analysis.R	data/derived/supplementary_tables/Table_S7.csv	NA	READY	Upstream output reproduced exactly.
Supplementary_Table_S8	TCGA module validation	Supplementary Table S8	TCGA COAD/READ via UCSC Xena	code/analysis/p2_4a_prepare.py; code/analysis/p2_4a_analysis.R	data/derived/supplementary_tables/Table_S8.csv	NA	READY	Final CSV retained without recalculation.
Supplementary_Table_S9	GSE132465 single-cell validation	Supplementary Table S9	GSE132465	code/analysis/p2_4a_prepare.py; code/analysis/p2_4a_analysis.R	data/derived/supplementary_tables/Table_S9.csv	NA	READY	Final CSV retained without recalculation.
Supplementary_Table_S10	CPTAC module and RNA–protein analyses	Supplementary Table S10	CPTAC-2 Colon	code/analysis/cptac_proteogenomic_analysis.py	data/derived/supplementary_tables/Table_S10.csv	NA	READY	Upstream outputs numerically equivalent within tolerance.
Supplementary_Table_S11	Integrated cross-platform evidence	Supplementary Table S11	Organoid; TCGA; GSE132465; CPTAC	code/analysis/respiratory_submodule_biomarker_analysis.R; code/analysis/p2_4a_analysis.R; code/analysis/cptac_proteogenomic_analysis.py	data/derived/supplementary_tables/Table_S11.csv	NA	READY	All contributing analysis stages retained and verified.

